Antigen;Country;Age_group;Sex;GMC;lower;upper;p_value_Age_group;p_value_Sex
Dt;AT;40-49;Males;0.08032724938983939;0.058609325501392966;0.11009283828704182;;
Dt;AT;40-49;Females;0.07704328764315545;0.0586566831327828;0.10119338247321705;;
Dt;AT;40-49;Total;0.07843206130770243;0.06372673399358741;0.09653073138181227;;0.8443643062954989
Dt;AT;50-59;Males;0.06940795627840067;0.051142578005327045;0.09419674530764931;;
Dt;AT;50-59;Females;0.04192790095221155;0.031701261684010815;0.05545359348095348;;
Dt;AT;50-59;Total;0.052762372873741616;0.04286988821834268;0.06493760788666146;;0.017037205638987057
Dt;AT;Total;Males;0.07449569126288785;0.05970504517942927;0.09295040310341418;0.5140503165246425;
Dt;AT;Total;Females;0.05727085915768394;0.047031192991217885;0.06973991302478197;0.0022659825276792433;
Dt;AT;Total;Total;0.06432932196108697;0.05544168478781798;0.07464170109207201;0.008145858642638058;0.08195218121072398
Dt;BE;40-49;Males;0.08306341871552453;0.05975381436621397;0.11546595982015984;;
Dt;BE;40-49;Females;0.06923984839857432;0.05324101632852692;0.09004630145816377;;
Dt;BE;40-49;Total;0.07431888944580758;0.06043461805671587;0.09139293845250647;;0.39708912107905836
Dt;BE;50-59;Males;0.03844478826844592;0.028008966238798654;0.05276887880846797;;
Dt;BE;50-59;Females;0.039049339875598485;0.029813936472347844;0.05114557569860965;;
Dt;BE;50-59;Total;0.0387938945074974;0.03154641054213691;0.047706418105750444;;0.9414029289179211
Dt;BE;Total;Males;0.05566258814409652;0.04420978468727629;0.07008230736285448;9.536096880375112e-4;
Dt;BE;Total;Females;0.05239640229254088;0.043331353083071185;0.06335788702325008;0.002881492440157166;
Dt;BE;Total;Total;0.053694684625901684;0.046303678293985226;0.0622654454959263;1.3300825638852064e-5;0.6913827250149676
Dt;DK;40-49;Males;0.13143053532324114;0.0982976597265534;0.1757314025929701;;
Dt;DK;40-49;Females;0.049042230756506516;0.03655004648397738;0.06580403115571376;;
Dt;DK;40-49;Total;0.08076297704024415;0.06559329758864454;0.09944092918317013;;2.973412247124137e-6
Dt;DK;50-59;Males;0.12400224312346683;0.09274199690278913;0.16579927986421159;;
Dt;DK;50-59;Females;0.0456430228633229;0.033720659745348;0.06178068732445903;;
Dt;DK;50-59;Total;0.07680156180949217;0.06218988541360422;0.09484628982910034;;3.0614763839050448e-6
Dt;DK;Total;Males;0.1276623718838092;0.10376452047828955;0.15706410167827964;0.7813149578113711;
Dt;DK;Total;Females;0.04736190369772984;0.03828242661130234;0.05859476842073479;0.7386456517836777;
Dt;DK;Total;Total;0.07878560674872376;0.06780866767241484;0.09153950437061424;0.7393853070240877;6.359112439620172e-11
Dt;FI;40-49;Males;0.32277963556023226;0.238466726799558;0.43690243301729026;;
Dt;FI;40-49;Females;0.2674099616428196;0.20176609832035353;0.35441081619310244;;
Dt;FI;40-49;Total;0.2918096345344471;0.23709787358242546;0.35914646352796065;;0.3723697888983961
Dt;FI;50-59;Males;0.19771307466785654;0.1456829574885572;0.26832555137884134;;
Dt;FI;50-59;Females;0.23712782424909773;0.17928994865850206;0.31362385595978326;;
Dt;FI;50-59;Total;0.2182642597143169;0.17734161498769105;0.26863005094402315;;0.38947123732821964
Dt;FI;Total;Males;0.25316069738985436;0.2037865596880985;0.31449737804597916;0.025482506110058995;
Dt;FI;Total;Females;0.25170203918542056;0.20602737228890816;0.3075024246839349;0.5527966358885613;
Dt;FI;Total;Total;0.2523719751857692;0.21750466305228905;0.29282872819997785;0.0525784304573616;0.9693963862919832
Dt;FR;40-49;Males;0.3350769648724748;0.25652872724630504;0.437676409941986;;
Dt;FR;40-49;Females;0.22515216333468804;0.17252613751350954;0.29383082114337905;;
Dt;FR;40-49;Total;0.27448688921176406;0.22702239510508887;0.3318749778596727;;0.038807953372120674
Dt;FR;50-59;Males;0.11356309310882122;0.08694180379856026;0.148335732098721;;
Dt;FR;50-59;Females;0.07462300337118491;0.057129991270490524;0.09747231722424982;;
Dt;FR;50-59;Total;0.09205660801866133;0.07611387566641738;0.11133868832329752;;0.029363199514876166
Dt;FR;Total;Males;0.1950701836786779;0.16121865573314165;0.23602961076303483;2.028194475826114e-8;
Dt;FR;Total;Females;0.1298603103847004;0.10735922701883469;0.15707732517720366;9.770106900311463e-9;
Dt;FR;Total;Total;0.15910567217421415;0.1388645316806333;0.18229719721539953;1.7652073805738344e-15;0.0030684468891773856
Dt;GR;40-49;Males;;;;;
Dt;GR;40-49;Females;;;;;
Dt;GR;40-49;Total;0.03043553587489556;0.024729138394597845;0.03745871890928526;;
Dt;GR;50-59;Males;;;;;
Dt;GR;50-59;Females;;;;;
Dt;GR;50-59;Total;0.007218663227783598;0.0058652268426493594;0.008884413202442671;;
Dt;GR;Total;Males;;;;;
Dt;GR;Total;Females;;;;;
Dt;GR;Total;Total;0.014772492412677194;0.012733438552905312;0.01713806770856988;9.315123705852529e-22;
Dt;HU;40-49;Males;0.09816239811993115;0.07358368151448369;0.1309509962852186;;
Dt;HU;40-49;Females;0.06588375452632954;0.049605028192628124;0.08750461936297661;;
Dt;HU;40-49;Total;0.08017328850167994;0.06540467750851368;0.09827670487843791;;0.05334358130406947
Dt;HU;50-59;Males;0.05600033352192031;0.04238459271471864;0.0739900316059255;;
Dt;HU;50-59;Females;0.052069247751684415;0.03936903138907729;0.06886647869570145;;
Dt;HU;50-59;Total;0.0540062286759968;0.044274523821832557;0.06587699841880164;;0.7177483058457069
Dt;HU;Total;Males;0.0734393219549433;0.059999866933405636;0.08988909950730266;0.006065763682036156;
Dt;HU;Total;Females;0.05846785449108606;0.047822410790811974;0.07148301292764606;0.24695861877978717;
Dt;HU;Total;Total;0.06548536672883531;0.05670255252401529;0.07562857516500354;0.006492932560709863;0.11694840529274543
Dt;IE;40-49;Males;0.029946873365721924;0.022371483312854563;0.040087427902792606;;
Dt;IE;40-49;Females;0.02073244806435077;0.015487947948420773;0.027752831051116096;;
Dt;IE;40-49;Total;0.02491730315954195;0.02024552617654797;0.030667120791541866;;0.08054761251855523
Dt;IE;50-59;Males;0.02149732528251516;0.016040504935568356;0.02881050167426608;;
Dt;IE;50-59;Females;0.01298777808234936;0.00969099716797965;0.01740609109594042;;
Dt;IE;50-59;Total;0.016475522756805226;0.013380931544624792;0.020285796187265254;;0.01708005658001686
Dt;IE;Total;Males;0.025389669491965267;0.020611157987111956;0.031276035888634625;0.11590206082821503;
Dt;IE;Total;Females;0.016424818746098517;0.013333554191898706;0.02023276516970253;0.02655469282615005;
Dt;IE;Total;Total;0.02026983164602335;0.0174667827060069;0.023522710614407038;0.005810236809878896;0.0037962785673083446
Dt;LV;40-49;Males;0.2659819926711389;0.20026248261110388;0.3532684679770725;;
Dt;LV;40-49;Females;0.2447885406163371;0.18131416395129904;0.33048399700958275;;
Dt;LV;40-49;Total;0.25575926282360373;0.20780663209160335;0.3147772516289979;;0.6935746134062395
Dt;LV;50-59;Males;0.12266072400091606;0.09152487218200042;0.16438868313861277;;
Dt;LV;50-59;Females;0.10758543353816684;0.08046376978880329;0.14384890914228515;;
Dt;LV;50-59;Total;0.11481580915833979;0.09328884650610945;0.14131024797075795;;0.5331403417054051
Dt;LV;Total;Males;0.18282314345400558;0.14884119546082364;0.224563513339971;1.9982408156229376e-4;
Dt;LV;Total;Females;0.16011027489213564;0.12970043684710036;0.1976500677191694;1.1507582148316745e-4;
Dt;LV;Total;Total;0.17136279266758198;0.1476875808077576;0.19883328408674306;9.153480973696381e-8;0.3770655294047003
Dt;LT;40-49;Males;0.16952534330544583;0.12524381737235538;0.22946315934612105;;
Dt;LT;40-49;Females;0.16517103788554205;0.12462481077725364;0.21890883192551688;;
Dt;LT;40-49;Total;0.16717735074766815;0.13583305580932203;0.20575453034231753;;0.9018324639820898
Dt;LT;50-59;Males;0.09785660809434793;0.06990917925807388;0.13697651509225614;;
Dt;LT;50-59;Females;0.07088233081850029;0.054596154161414;0.09202671688941523;;
Dt;LT;50-59;Total;0.08001982646736269;0.06501680703625545;0.09848488290568044;;0.13763101045844955
Dt;LT;Total;Males;0.13256009913621494;0.10563489270392631;0.16634825324482963;0.017312340809652126;
Dt;LT;Total;Females;0.10478527006182162;0.08637551993514458;0.12711880438083883;1.5917121244737273e-5;
Dt;LT;Total;Total;0.11566115422259071;0.0996815924545729;0.13420233632602063;8.854867241293751e-7;0.12214921584687752
Dt;NL;40-49;Males;0.08097477562929854;0.06744360407220684;0.09722069836593016;;
Dt;NL;40-49;Females;0.05506907062314213;0.047678866658797864;0.06360475304496421;;
Dt;NL;40-49;Total;0.0638352004732413;0.05696025568417283;0.07153993201949725;;0.0011731075708131223
Dt;NL;50-59;Males;0.0762655073594877;0.06380350445291537;0.09116156961397602;;
Dt;NL;50-59;Females;0.05343450207097499;0.046045536475148016;0.06200918113124998;;
Dt;NL;50-59;Total;0.06183277539770834;0.055112033956709994;0.0693730903923199;;0.0026930051346027053
Dt;NL;Total;Males;0.07852712096489597;0.06903328208862747;0.08932660508765343;0.6457088441485735;
Dt;NL;Total;Females;0.05427199936494125;0.048888566191042246;0.060248236848637074;0.7755585114581057;
Dt;NL;Total;Total;0.06283575514729745;0.057888995194728184;0.06820522815518971;0.6996668749845614;1.2813727686722492e-5
Dt;NO;40-49;Males;;;;;
Dt;NO;40-49;Females;;;;;
Dt;NO;40-49;Total;0.16970390586114295;0.1379430026162714;0.20877764814676122;;
Dt;NO;50-59;Males;;;;;
Dt;NO;50-59;Females;;;;;
Dt;NO;50-59;Total;0.15531462375683197;0.12624674395393182;0.1910752831893135;;
Dt;NO;Total;Males;;;;;
Dt;NO;Total;Females;;;;;
Dt;NO;Total;Total;0.1623499254354256;0.13996140642091456;0.1883197587313586;0.553418761719225;
Dt;PT;40-49;Males;0.13441600481776256;0.10041400222445772;0.17993170226181904;;
Dt;PT;40-49;Females;0.10809597708098773;0.08075191416216587;0.14469923570639012;;
Dt;PT;40-49;Total;0.12053974189494039;0.09793959178579151;0.1483550126273525;;0.3003589415024748
Dt;PT;50-59;Males;0.13644023745914186;0.10192618301892391;0.18264137679374026;;
Dt;PT;50-59;Females;0.09442208381639745;0.0705369821639332;0.12639511414750396;;
Dt;PT;50-59;Total;0.11350317853389084;0.09222232267336297;0.13969471993159144;;0.0802296107570067
Dt;PT;Total;Males;0.13542433908143958;0.10998244248651895;0.16675163054223596;0.9433670867234748;
Dt;PT;Total;Females;0.10102795359778616;0.08204803635347457;0.12439843610863213;0.5203794687120245;
Dt;PT;Total;Total;0.11696855921456255;0.10080836844482458;0.13571932624044994;0.6880348656389694;0.05099764660431857
Dt;RO;40-49;Males;0.0301676877896686;0.022562588684528984;0.040336213157976954;;
Dt;RO;40-49;Females;0.027553575564098803;0.020607478987957246;0.03684097054327555;;
Dt;RO;40-49;Total;0.028831019147903463;0.023444801764159;0.03545466809523238;;0.6653838901493945
Dt;RO;50-59;Males;0.029910139446226034;0.022369966784567968;0.039991853823843945;;
Dt;RO;50-59;Females;0.03041936383098408;0.022750818655667058;0.040672720832016646;;
Dt;RO;50-59;Total;0.030163677064479703;0.024528492233555358;0.037093491331910464;;0.935797058662512
Dt;RO;Total;Males;0.030038637594924346;0.02441553278279444;0.036956791260154866;0.9673667167701937;
Dt;RO;Total;Females;0.028951031759314495;0.02353152211985486;0.03561870055238085;0.6368314021166415;
Dt;RO;Total;Total;0.029489821142509386;0.025430584063272872;0.0341969948017494;0.7620053422615886;0.8052031955101312
Dt;SK;40-49;Males;0.06592527730304787;0.04924875538988985;0.08824877203650036;;
Dt;SK;40-49;Females;0.060187307448771;0.04496226794003306;0.08056782150678633;;
Dt;SK;40-49;Total;0.06299099089301598;0.0511807295856127;0.07752654105969249;;0.6651783721644344
Dt;SK;50-59;Males;0.056226225989895795;0.04200318547837227;0.07526544601467558;;
Dt;SK;50-59;Females;0.04669456130634895;0.03488265991272935;0.06250618677151731;;
Dt;SK;50-59;Total;0.051239232590953365;0.041632323451870935;0.0630629938188528;;0.37733903017989634
Dt;SK;Total;Males;0.06088291665227388;0.04944496627813308;0.07496677253730924;0.44945974361284036;
Dt;SK;Total;Females;0.05301339375601906;0.04305387472690755;0.06527681736794486;0.22768963989523136;
Dt;SK;Total;Total;0.056812058873991565;0.04896299485550456;0.06591937529611766;0.16809726268775554;0.35659238879608
Dt;SI;40-49;Males;0.17093563110866558;0.12724129978162002;0.22963448214271134;;
Dt;SI;40-49;Females;0.18132487888532411;0.13778540224642755;0.2386226056369475;;
Dt;SI;40-49;Total;0.1764292583191862;0.1440971752791143;0.21601591516811489;;0.7742138874693647
Dt;SI;50-59;Males;0.14295211035112654;0.1057487673457493;0.19324391543049113;;
Dt;SI;50-59;Females;0.09698748669759269;0.07391120572526255;0.12726855804356865;;
Dt;SI;50-59;Total;0.11540879884789246;0.0941862667707869;0.14141330056033627;;0.060996909451889327
Dt;SI;Total;Males;0.15661153294090377;0.12658844024846705;0.19375522916593335;0.40622037708787306;
Dt;SI;Total;Females;0.13217713413280072;0.1087712001192707;0.1606196747705566;0.001503184841415404;
Dt;SI;Total;Total;0.14280931720936862;0.12350373182936501;0.16513267072758156;0.0037322069753042246;0.24927119726062144
Dt;SE;40-49;Males;0.09295598318412626;0.06936029889580467;0.12457868474165719;;
Dt;SE;40-49;Females;0.05280807081221791;0.03962987743324532;0.07036843219123358;;
Dt;SE;40-49;Total;0.06967262521480032;0.056679553161911;0.08564419501429893;;0.0068830896878650134
Dt;SE;50-59;Males;0.05202111665016212;0.03833125420857635;0.0706002616769133;;
Dt;SE;50-59;Females;0.044717715818509515;0.03384519435689004;0.05908295538027815;;
Dt;SE;50-59;Total;0.04789823152571459;0.03893384682655836;0.05892663505641483;;0.47314336003848734
Dt;SE;Total;Males;0.0703922227833333;0.056872328655097705;0.08712611467746335;0.007169583612036788;
Dt;SE;Total;Females;0.048473450068621984;0.03961783259020466;0.05930852870876474;0.4151575802724785;
Dt;SE;Total;Total;0.05781143225816933;0.04985376075205582;0.06703930955907034;0.012035594429653552;0.012754688054047553
Dt;UK;40-49;Males;0.03920173233507154;0.029483774698806288;0.052122763579956856;;
Dt;UK;40-49;Females;0.029133653226247648;0.02160650284296901;0.039283069383134764;;
Dt;UK;40-49;Total;0.03403642597287409;0.027654893010605693;0.041890536064003565;;0.15883275047495637
Dt;UK;50-59;Males;0.025539105342267616;0.019165850956150445;0.03403166930472933;;
Dt;UK;50-59;Females;0.01696275964494152;0.012564267001982968;0.02290107450969042;;
Dt;UK;50-59;Total;0.020909313582415035;0.01698192511529403;0.02574498424174663;;0.05349340384445908
Dt;UK;Total;Males;0.031693575509207664;0.025843591163462114;0.03886776888724327;0.03784037845315742;
Dt;UK;Total;Females;0.022255701807036902;0.017973076492766287;0.027558791235495938;0.012335419745529225;
Dt;UK;Total;Total;0.02669032679686677;0.02299940851283023;0.030973559347239155;0.001160264650634133;0.019040553093988263
PT;AT;40-49;Males;11.20239273304238;8.511169266423803;14.74457844944849;;
PT;AT;40-49;Females;12.208787616959375;9.626258924527196;15.484156019971339;;
PT;AT;40-49;Total;11.76743239945613;9.818657881675787;14.102993193621309;;0.6425107249272797
PT;AT;50-59;Males;10.030700284578307;7.686543705064588;13.089751656878645;;
PT;AT;50-59;Females;6.335384560519423;4.965180502274247;8.083713675924473;;
PT;AT;50-59;Total;7.8121676360948955;6.518414444994882;9.362700652044293;;0.012583428629662583
PT;AT;Total;Males;10.581839426099167;8.73648093634108;12.816982770941987;0.5713348655306991;
PT;AT;Total;Females;8.867409588776384;7.476978955121384;10.516406865270742;1.5931208946231388e-4;
PT;AT;Total;Total;9.587969261056562;8.434052351705713;10.899760959199364;0.0017165561996884545;0.17685345365642066
PT;BE;40-49;Males;13.285784792982826;9.970270135037055;17.703841036880565;;
PT;BE;40-49;Females;11.33842382983707;9.01762610570473;14.25650758171129;;
PT;BE;40-49;Total;12.059288063183544;10.069426330414926;14.442374750940614;;0.39757109371567334
PT;BE;50-59;Males;13.067188244862725;9.9151448866091;17.221272162879526;;
PT;BE;50-59;Females;11.942409018620538;9.439367044776233;15.109183962388242;;
PT;BE;50-59;Total;12.403225716200868;10.356612011789172;14.854279371661974;;0.6266175801392107
PT;BE;Total;Males;13.17174773875621;10.789975529258532;16.079270803068408;0.9349227960774028;
PT;BE;Total;Females;11.628448952749281;9.86485441712981;13.707331028818011;0.756650329975454;
PT;BE;Total;Total;12.230047907688332;10.763642165368438;13.89623229073891;0.8288770928924472;0.3447321961645369
PT;DK;40-49;Males;11.464652432853889;8.900270672323431;14.767894173698247;;
PT;DK;40-49;Females;10.241280787699658;7.92617626171118;13.232588919220273;;
PT;DK;40-49;Total;10.843083541263969;9.044102736954773;12.999903263197256;;0.5392129604401619
PT;DK;50-59;Males;13.693084071148277;10.630252882578061;17.6383904927445;;
PT;DK;50-59;Females;12.789238891179037;9.82302914371581;16.65113978820732;;
PT;DK;50-59;Total;13.252131181853155;11.024706755743068;15.92958295870863;;0.7143478740354996
PT;DK;Total;Males;12.52942335502974;10.471125212903836;14.99231901229739;0.3308756147632961;
PT;DK;Total;Females;11.407394129844464;9.48761681048857;13.715629902943867;0.23643348824384092;
PT;DK;Total;Total;11.970110364235865;10.517190282288542;13.623747244859045;0.1280595910589424;0.47464771724931276
PT;FI;40-49;Males;7.684817063131751;5.902476497435133;10.00536187132017;;
PT;FI;40-49;Females;7.190654679751435;5.6252727187513685;9.191645864755191;;
PT;FI;40-49;Total;7.415865416883903;6.187742827254257;8.88774168814933;;0.7177524152431825
PT;FI;50-59;Males;10.979537554676236;8.413639415103377;14.327954760949856;;
PT;FI;50-59;Females;6.173552215143678;4.838348926665664;7.877221657796125;;
PT;FI;50-59;Total;8.027077102193791;6.69773330160936;9.620264633272484;;0.0017696157959074072
PT;FI;Total;Males;9.171388555247335;7.600724940916969;11.066624392432502;0.062077209607334;
PT;FI;Total;Females;6.658960991284249;5.599012915888356;7.919567636219662;0.38750447542433353;
PT;FI;Total;Total;7.715421147339863;6.786866342638964;8.77101750285431;0.5443163772236971;0.014113287096761714
PT;FR;40-49;Males;12.7349530782401;10.089783716530118;16.073588340578468;;
PT;FR;40-49;Females;13.072859356796826;10.36555861590581;16.48725921055013;;
PT;FR;40-49;Total;12.90336516025161;10.934637628589513;15.22655236635143;;0.8759069863906923
PT;FR;50-59;Males;17.6514330448954;13.985064618268757;22.278988123616948;;
PT;FR;50-59;Females;11.075535646602814;8.775042870781105;13.97913282767249;;
PT;FR;50-59;Total;13.982098408406518;11.84549537858349;16.50408612339033;;0.00553642936785431
PT;FR;Total;Males;14.993004088255374;12.712127738547487;17.683127184822272;0.05198029645862552;
PT;FR;Total;Females;12.036163405052493;10.207928385641758;14.19183442909872;0.3228351713334311;
PT;FR;Total;Total;13.431003655472878;11.943807646381016;15.10337946944287;0.501820748757968;0.06484220633319687
PT;GR;40-49;Males;;;;;
PT;GR;40-49;Females;;;;;
PT;GR;40-49;Total;8.010185120163115;6.683638757712913;9.600019986902858;;
PT;GR;50-59;Males;;;;;
PT;GR;50-59;Females;;;;;
PT;GR;50-59;Total;7.583239211248431;6.327398273696353;9.088335275822937;;
PT;GR;Total;Males;;;;;
PT;GR;Total;Females;;;;;
PT;GR;Total;Total;7.793030061490376;6.856012770808927;8.858110328771621;0.6749861362791532;
PT;HU;40-49;Males;9.490203550996428;7.382105974395877;12.200307575063725;;
PT;HU;40-49;Females;5.932155637480186;4.6321536739225655;7.596999794155842;;
PT;HU;40-49;Total;7.4760864862519965;6.2599615544169716;8.928468436117297;;0.009001656029647417
PT;HU;50-59;Males;9.573470238253812;7.509628070569977;12.20451020229757;;
PT;HU;50-59;Females;6.931010514746568;5.431985689287971;8.84371010959428;;
PT;HU;50-59;Total;8.15060571259419;6.854020546398669;9.692467805203592;;0.06573914866970743
PT;HU;Total;Males;9.53316003372287;8.002669313645333;11.356353319961606;0.9609093664615065;
PT;HU;Total;Females;6.419613853625304;5.394279867395622;7.639841284237066;0.3797112302433864;
PT;HU;Total;Total;7.814291495295022;6.90161626755716;8.847659621483638;0.4948820400476993;0.0016908266805596302
PT;IE;40-49;Males;12.173351951224756;9.440903211694964;15.696644103375181;;
PT;IE;40-49;Females;9.349401652599408;7.250821009949677;12.055367404833403;;
PT;IE;40-49;Total;10.66834367886848;8.901586445636969;12.785761004010437;;0.15013005804187643
PT;IE;50-59;Males;12.49778426160663;9.682603246767595;16.131468724777694;;
PT;IE;50-59;Females;11.803932915291092;9.145044975798918;15.235882670606577;;
PT;IE;50-59;Total;12.159019903717185;10.14171151328023;14.577595194400558;;0.7564103968692207
PT;IE;Total;Males;12.33385003197532;10.296576106390132;14.774217666088866;0.8861895965605336;
PT;IE;Total;Females;10.50030649833618;8.76589262235632;12.577890388231046;0.20461542981627914;
PT;IE;Total;Total;11.387827194043533;10.016010096895533;12.947531696437945;0.3171969423938532;0.21661726743488613
PT;LV;40-49;Males;7.746105068542619;6.048585243640256;9.920029447545685;;
PT;LV;40-49;Females;6.268863525062652;4.825750660173301;8.143530957824012;;
PT;LV;40-49;Total;7.009856818399496;5.848972278997583;8.401149855147432;;0.24936232067465527
PT;LV;50-59;Males;9.564787433072997;7.410276887129516;12.34571393665012;;
PT;LV;50-59;Females;12.748885616306495;9.897250127745314;16.422145783911134;;
PT;LV;50-59;Total;11.055361834106858;9.224511509600678;13.249593233833735;;0.11718682144426562
PT;LV;Total;Males;8.57922838233723;7.179956017897971;10.251199234762028;0.24480571568999127;
PT;LV;Total;Females;9.044495485234387;7.536665703264504;10.853990584588662;1.3331409160059903e-4;
PT;LV;Total;Total;8.803209842590794;7.743739122843206;10.007633560908708;4.888591315136553e-4;0.6846279295757398
PT;LT;40-49;Males;10.234130211650744;7.860527134180383;13.324478040866591;;
PT;LT;40-49;Females;10.872669389471353;8.505724891618689;13.898279236521413;;
PT;LT;40-49;Total;10.571578259922918;8.820846101341695;12.669789906965484;;0.7420361793950763
PT;LT;50-59;Males;16.057831920977403;11.97792208405265;21.527437246036722;;
PT;LT;50-59;Females;14.438833042011334;11.500355244869784;18.128126929651103;;
PT;LT;50-59;Total;15.027485042823292;12.538821507425983;18.010090228857244;;0.5745429079976606
PT;LT;Total;Males;12.520489970216232;10.285959690629774;15.240451431779547;0.02518901000267439;
PT;LT;Total;Females;12.665055198261136;10.71407898145676;14.971293701737471;0.09671931954860272;
PT;LT;Total;Total;12.604135598287826;11.087221557512878;14.328588398450238;0.007101540279106812;0.9305310939236838
PT;NL;40-49;Males;11.00393186646338;9.38281951765284;12.90513115955775;;
PT;NL;40-49;Females;8.905233865490992;7.854123088518086;10.097013925720196;;
PT;NL;40-49;Total;9.657310408703866;8.743848017453686;10.666201441733147;;0.040958415744820745
PT;NL;50-59;Males;13.160049104757471;11.264739611565066;15.374247289464527;;
PT;NL;50-59;Females;10.047584851194856;8.825211790860505;11.439267831114204;;
PT;NL;50-59;Total;11.224045155224125;10.152517915840317;12.40866459836067;;0.009013649364645793
PT;NL;Total;Males;12.060246750146856;10.787052600767652;13.483715807974926;0.11524768278245359;
PT;NL;Total;Females;9.440784423022981;8.624346709232926;10.334511531937318;0.19013714484321448;
PT;NL;Total;Total;10.403634100802092;9.693322327665687;11.165996429774875;0.03691740884426395;8.348580709600696e-4
PT;NO;40-49;Males;;;;;
PT;NO;40-49;Females;;;;;
PT;NO;40-49;Total;13.03463249289585;10.87992735569128;15.616064213515259;;
PT;NO;50-59;Males;;;;;
PT;NO;50-59;Females;;;;;
PT;NO;50-59;Total;16.87791437892955;14.087891043987103;20.22048530138658;;
PT;NO;Total;Males;;;;;
PT;NO;Total;Females;;;;;
PT;NO;Total;Total;14.832309704692268;13.050570353361342;16.857302418146443;0.04748964845123267;
PT;PT;40-49;Males;9.613055097355828;7.45529440917022;12.395329175884852;;
PT;PT;40-49;Females;4.9023915239990785;3.8019934089930434;6.321274149957893;;
PT;PT;40-49;Total;6.864907852914946;5.728027942622098;8.227431901709643;;2.421126395409539e-4
PT;PT;50-59;Males;9.576901461657872;7.427255872476072;12.348711715478895;;
PT;PT;50-59;Females;8.11883931266689;6.296472528626809;10.468647561824717;;
PT;PT;50-59;Total;8.817784533568773;7.35749368855056;10.567909042374211;;0.36781394836923287
PT;PT;Total;Males;9.59496125124353;8.01298563865741;11.48926075303564;0.9836082713303793;
PT;PT;Total;Females;6.308861151676168;5.268683476768917;7.55439745177815;0.0059577612072173585;
PT;PT;Total;Total;7.780313508452477;6.84394887554534;8.844788204965175;0.05531911819695359;0.0012616893239361584
PT;RO;40-49;Males;12.148106828828023;9.430851878512252;15.648268197368692;;
PT;RO;40-49;Females;8.106174098393403;6.2930074867275465;10.441757562191343;;
PT;RO;40-49;Total;9.923440377226141;8.286007540346015;11.884453211135975;;0.026803859923259274
PT;RO;50-59;Males;10.814260158253678;8.395356343604533;13.930108262704346;;
PT;RO;50-59;Females;10.94785497031261;8.499069037443844;14.102194948994782;;
PT;RO;50-59;Total;10.880852532030351;9.085440401567485;13.031063612872888;;0.9464111958006309
PT;RO;Total;Males;11.4617968782039;9.578885386482195;13.714830314453815;0.5243146891736525;
PT;RO;Total;Females;9.420468055957505;7.872900275054795;11.272239618543637;0.09996269063141494;
PT;RO;Total;Total;10.391125605774997;9.145210105485196;11.806780829478187;0.4789993070052617;0.12983458054167477
PT;SK;40-49;Males;10.219297002654713;7.925458351996545;13.177033628870063;;
PT;SK;40-49;Females;8.8713818148062;6.880098218071301;11.43899589941269;;
PT;SK;40-49;Total;9.521516979423735;7.944682795870536;11.41131596047826;;0.440559792920999
PT;SK;50-59;Males;8.902615835186353;6.90432140364111;11.47926987685039;;
PT;SK;50-59;Females;7.56002332500366;5.863089211212291;9.748095349683732;;
PT;SK;50-59;Total;8.203900497175459;6.845273424370692;9.832183346824193;;0.3727529633594394
PT;SK;Total;Males;9.538263747679999;7.96563617367198;11.421369660468367;0.4519996804826937;
PT;SK;Total;Females;8.189496531835662;6.839247848857025;9.80632007014583;0.38311783373810127;
PT;SK;Total;Total;8.838188608609729;7.774508176828394;10.047397996721276;0.2542011744312706;0.24087868800714693
PT;SI;40-49;Males;10.399782811336694;8.040416462257818;13.451477672911878;;
PT;SI;40-49;Females;10.311776271551032;8.116878372084505;13.100199978383497;;
PT;SI;40-49;Total;10.3525076067452;8.677286115705089;12.351144392224365;;0.9621914069072852
PT;SI;50-59;Males;10.960955789840163;8.428299315016327;14.254661271079677;;
PT;SI;50-59;Females;7.0839823254076615;5.590124481599706;8.977046173456142;;
PT;SI;50-59;Total;8.615045057129777;7.216103445137502;10.285190879073097;;0.015586249160116271
PT;SI;Total;Males;10.670815265897355;8.874998544450783;12.83000756209752;0.7793824578479003;
PT;SI;Total;Females;8.529965720081139;7.20544011417747;10.097969594195321;0.028859340512009155;
PT;SI;Total;Total;9.447215516795342;8.33496501391296;10.707889099930263;0.14994394010105477;0.07899787789367578
PT;SE;40-49;Males;12.291490495085517;9.522778060823137;15.865195810067883;;
PT;SE;40-49;Females;10.941766784776151;8.519534664347445;14.052676007463699;;
PT;SE;40-49;Total;11.583687185052039;9.67575382454549;13.867840297956514;;0.5235303044346817
PT;SE;50-59;Males;10.923743648012618;8.370884443877138;14.25514544938896;;
PT;SE;50-59;Females;8.216297439969553;6.445033656113588;10.474350829497126;;
PT;SE;50-59;Total;9.350966683368545;7.805194222084007;11.202870220200834;;0.12126857239464098
PT;SE;Total;Males;11.616207181603448;9.657552680131797;13.97209766854661;0.530625854694367;
PT;SE;Total;Females;9.440846941457615;7.927786392295299;11.242683210870958;0.10731676801505435;
PT;SE;Total;Total;10.412048200027865;9.163624041342919;11.83055385408588;0.099846628190898;0.10983633766181823
PT;UK;40-49;Males;8.103511245114488;6.321707597442776;10.387524808369841;;
PT;UK;40-49;Females;6.52349638639942;5.02730122950819;8.464980147515341;;
PT;UK;40-49;Total;7.3086549722137715;6.0982872313498335;8.759252471458538;;0.23752384233110835
PT;UK;50-59;Males;8.247776671076908;6.421926242369043;10.592743897797526;;
PT;UK;50-59;Females;6.069047360832336;4.671932829781459;7.883960923673836;;
PT;UK;50-59;Total;7.190695305459638;5.997683854894882;8.62101108142945;;0.09677080928549789
PT;UK;Total;Males;8.174770901827918;6.8508785658155835;9.754497712282369;0.921836201531151;
PT;UK;Total;Females;6.293129032644393;5.229983979795463;7.572388973753718;0.7014601296619134;
PT;UK;Total;Total;7.249553414956066;6.37624710710076;8.242469878209917;0.9009667079099426;0.04507227772828365
TT;AT;40-49;Males;1.7153089415979152;1.3488010607392946;2.1814075112849163;;
TT;AT;40-49;Females;1.941890929706169;1.5773280173542386;2.390714132625596;;
TT;AT;40-49;Total;1.8414635678736342;1.5662687928005454;2.1650103018031053;;0.44417385130887344
TT;AT;50-59;Males;2.3016829457572068;1.8235048053324088;2.9052538645895374;;
TT;AT;50-59;Females;1.5422333428830592;1.2460987530663723;1.9087441328765764;;
TT;AT;50-59;Total;1.8511703940536528;1.5745249968265946;2.17642262569818;;0.012941631523054921
TT;AT;Total;Males;1.996256640083396;1.688128848384677;2.3606258354569456;0.08506541029474667;
TT;AT;Total;Females;1.7355729737325425;1.4949982403179722;2.014860931548756;0.1293803009271249;
TT;AT;Total;Total;1.8463106018695996;1.6455901478523873;2.071513883955183;0.964092298067323;0.22166504331986356
TT;BE;40-49;Males;2.0723600639768502;1.6120645048340347;2.664084608207585;;
TT;BE;40-49;Females;1.40858848983483;1.1528323762779369;1.7210841528420207;;
TT;BE;40-49;Total;1.6367918121077376;1.3930801983936207;1.923139413848695;;0.018515948990194785
TT;BE;50-59;Males;1.7750627097201312;1.3942093055232683;2.2599530866396083;;
TT;BE;50-59;Females;1.0896095566810355;0.8869531331694652;1.338570147182514;;
TT;BE;50-59;Total;1.3378931963026959;1.138686365332426;1.5719501516912315;;0.002577004070648093
TT;BE;Total;Males;1.912144903811052;1.6059681780383692;2.2766940112329066;0.3836995803102239;
TT;BE;Total;Females;1.243123746522372;1.07651822514962;1.4355136894714782;0.07973475139096126;
TT;BE;Total;Total;1.479815065872391;1.3195416422386863;1.6595555298032765;0.08302254121780625;1.9117757581970033e-4
TT;DK;40-49;Males;2.18575976847769;1.7514608816151478;2.7277490554570227;;
TT;DK;40-49;Females;1.4737576949641533;1.177763178299862;1.8441413210093298;;
TT;DK;40-49;Total;1.7990591383476124;1.5297046491278856;2.115842287017504;;0.014247806324158771
TT;DK;50-59;Males;2.493847601634033;1.9983332944287218;3.1122315168920656;;
TT;DK;50-59;Females;1.6101158826351651;1.2781864860733325;2.028243283558923;;
TT;DK;50-59;Total;2.0220384329817094;1.7152999931384585;2.3836293597682614;;0.007363019621824404
TT;DK;Total;Males;2.3347273409043368;1.9954954525962951;2.731628252659821;0.4093280493721104;
TT;DK;Total;Females;1.5384337969168378;1.309373429016165;1.8075657372047829;0.589889756736238;
TT;DK;Total;Total;1.9057051346037899;1.696745108777901;2.140399309988893;0.32151854278572933;2.8109408042477574e-4
TT;FI;40-49;Males;3.469182968858714;2.7540022655100542;4.370087353283416;;
TT;FI;40-49;Females;3.0381447945531925;2.4508818377254684;3.7661235440207217;;
TT;FI;40-49;Total;3.2310491337551204;2.748189817325323;3.7987472477065416;;0.40954721893275636
TT;FI;50-59;Males;3.106509857775792;2.4611276995855147;3.921130747536352;;
TT;FI;50-59;Females;3.0903544609445115;2.496954730026253;3.824775267022655;;
TT;FI;50-59;Total;3.097710874828658;2.6347780955370754;3.641981341914759;;0.9741773395805267
TT;FI;Total;Males;3.2844183401791893;2.78667589299362;3.8710651139687875;0.5092328649151874;
TT;FI;Total;Females;3.0643318030015845;2.6330700186356895;3.566228521242433;0.9121291761083463;
TT;FI;Total;Total;3.16367761295916;2.81974046273415;3.5495664125888817;0.7181963064781762;0.543235959781688
TT;FR;40-49;Males;2.031603997923777;1.6571930471049654;2.4906059143744685;;
TT;FR;40-49;Females;1.8620486790113584;1.5199190342663784;2.2811907771662825;;
TT;FR;40-49;Total;1.944696146349898;1.677152655236798;2.2549188291355526;;0.5525305939389711
TT;FR;50-59;Males;1.6319922008751206;1.33122701618215;2.000709504345569;;
TT;FR;50-59;Females;0.9965152738080697;0.8128642121084286;1.2216587667908172;;
TT;FR;50-59;Total;1.2752666995211934;1.0995477626503585;1.4790673130811702;;7.921931800151013e-4
TT;FR;Total;Males;1.8208684411231577;1.5760726611216826;2.1036859287430385;0.13616467991268813;
TT;FR;Total;Females;1.363614216068898;1.1805764842068711;1.5750302967574328;2.0545809880055953e-5;
TT;FR;Total;Total;1.5753601765746932;1.417872756068309;1.7503402017676428;7.927680977760274e-5;0.005471614658563193
TT;GR;40-49;Males;;;;;
TT;GR;40-49;Females;;;;;
TT;GR;40-49;Total;0.6230831927276389;0.529967454753793;0.7325594460135845;;
TT;GR;50-59;Males;;;;;
TT;GR;50-59;Females;;;;;
TT;GR;50-59;Total;0.21297204305357004;0.18114475387583195;0.25039141433542317;;
TT;GR;Total;Males;;;;;
TT;GR;Total;Females;;;;;
TT;GR;Total;Total;0.3636680623123112;0.324169376628304;0.4079794980067949;4.573465642259988e-20;
TT;HU;40-49;Males;3.407990852302139;2.7355897721843085;4.245666425379714;;
TT;HU;40-49;Females;1.6768561638471666;1.350534432192327;2.082025105918815;;
TT;HU;40-49;Total;2.3775401798915947;2.0285987150246316;2.7865034445367476;;6.653472329195986e-6
TT;HU;50-59;Males;3.1528945369086716;2.54947280449075;3.8991370856588445;;
TT;HU;50-59;Females;1.5942539974741068;1.2881305721284744;1.9731274635166975;;
TT;HU;50-59;Total;2.2447908430658394;1.922672932938257;2.620875263174084;;9.050647982096448e-6
TT;HU;Total;Males;3.2736342598689356;2.8089126480915185;3.81524191386619;0.6178296843387823;
TT;HU;Total;Females;1.634417277065029;1.4036027960156285;1.9031878841732655;0.7444828194603048;
TT;HU;Total;Total;2.308594098649085;2.065078363461498;2.580825409154866;0.6115960887388913;2.990323771608146e-10
TT;IE;40-49;Males;0.9685104014838867;0.7753865471665049;1.2097351975092399;;
TT;IE;40-49;Females;0.6416847823386481;0.5137309284283763;0.80150782656724;;
TT;IE;40-49;Total;0.7883390045969464;0.6705268584126417;0.9268508462735535;;0.010313307505308643
TT;IE;50-59;Males;0.9486760828100572;0.7588278233826398;1.186021759302328;;
TT;IE;50-59;Females;0.4229835558854156;0.3383364426016038;0.5288082098804404;;
TT;IE;50-59;Total;0.6357793673927131;0.5405907084374584;0.7477291002108347;;5.430133005098285e-7
TT;IE;Total;Males;0.9585817696839185;0.818529267651565;1.1225976217157154;0.8975964129579831;
TT;IE;Total;Females;0.5214180513723996;0.44523685847988614;0.6106340459440478;0.009550169355984862;
TT;IE;Total;Total;0.7081142204538435;0.6310593022622725;0.7945778588658831;0.06581414058747179;9.330824918517623e-8
TT;LV;40-49;Males;2.020050640533112;1.6269421335178937;2.5081436556657684;;
TT;LV;40-49;Females;1.8484755902820547;1.4702937948899224;2.323931461687494;;
TT;LV;40-49;Total;1.9371682725840065;1.64767105072582;2.2775304055096597;;0.5807330777175044
TT;LV;50-59;Males;1.7275181211606148;1.3818086483759735;2.159719337728666;;
TT;LV;50-59;Females;1.1634070250194677;0.9322442123349259;1.4518898459820875;;
TT;LV;50-59;Total;1.415436475418418;1.2039086834606316;1.664129882497378;;0.013764562536379255
TT;LV;Total;Males;1.8726386869039886;1.6025196386401082;2.1882887217939686;0.3240922135148845;
TT;LV;Total;Females;1.4553795695722598;1.240743670873334;1.7071452720265972;0.0043910521391727015;
TT;LV;Total;Total;1.65588001740425;1.4758621002916856;1.8578555757321702;0.0072208678430175244;0.026716106406643514
TT;LT;40-49;Males;1.4040718217492705;1.1146189211543454;1.768692100245915;;
TT;LT;40-49;Females;1.1949746569860902;0.9639901589285982;1.481306025391481;;
TT;LT;40-49;Total;1.2878133018008915;1.0953579645853644;1.5140832074226136;;0.31618331143513956
TT;LT;50-59;Males;1.5768137364006036;1.2201152740779482;2.037792339892296;;
TT;LT;50-59;Females;0.7933285037738191;0.6501217487216802;0.9680803882311628;;
TT;LT;50-59;Total;1.0271269792982178;0.8736295205535592;1.2075940736684432;;3.3915534159327e-5
TT;LT;Total;Males;1.4789221954783243;1.245236764073455;1.7564618419420566;0.509827263957481;
TT;LT;Total;Females;0.9586448242594271;0.8281260048853722;1.1097343805869182;0.006121492246591952;
TT;LT;Total;Total;1.1501077282493228;1.0250745159885328;1.2903918358590971;0.05279586465607745;1.6878220996186804e-4
TT;NL;40-49;Males;1.7116200714499201;1.4888521416472948;1.9677194175566792;;
TT;NL;40-49;Females;1.010896045021521;0.905696674070336;1.1283146367840056;;
TT;NL;40-49;Total;1.2368847689216236;1.1317456674999835;1.3517912862611603;;6.283251294925614e-9
TT;NL;50-59;Males;1.5067767742153084;1.3151078024928453;1.7263803340008257;;
TT;NL;50-59;Females;1.0302112628549969;0.9196814837538296;1.1540248062636589;;
TT;NL;50-59;Total;1.2041464541210463;1.1008333717345424;1.3171554571311979;;2.6177305718370463e-5
TT;NL;Total;Males;1.6034259173019612;1.4543148820880984;1.767825320321444;0.199673322915582;
TT;NL;Total;Females;1.02019647384384;0.9425779225268626;1.1042066871810732;0.8143278632859401;
TT;NL;Total;Total;1.2205651538398867;1.1455024453209004;1.3005465862195;0.6770513396400196;1.8694750827403363e-12
TT;NO;40-49;Males;;;;;
TT;NO;40-49;Females;;;;;
TT;NO;40-49;Total;1.4466322657033754;1.2308396682726432;1.7002579345781355;;
TT;NO;50-59;Males;;;;;
TT;NO;50-59;Females;;;;;
TT;NO;50-59;Total;1.1778717502496299;1.0021698732400868;1.3843779353999355;;
TT;NO;Total;Males;;;;;
TT;NO;Total;Females;;;;;
TT;NO;Total;Total;1.3053533156856896;1.1637097123969113;1.46423739582097;0.07784766124139846;
TT;PT;40-49;Males;2.462362266532124;1.971359907745089;3.0756575234283603;;
TT;PT;40-49;Females;2.8007308222185157;2.242256767150428;3.498302805210604;;
TT;PT;40-49;Total;2.6261024152428636;2.2336484584609995;3.0875108700390936;;0.4222915238145316
TT;PT;50-59;Males;2.7883133249619947;2.2323153557753606;3.482792508704575;;
TT;PT;50-59;Females;2.48508269201476;1.9895498128180171;3.1040368762640314;;
TT;PT;50-59;Total;2.6323353099058666;2.2389498874818017;3.094838889659399;;0.47305305003453313
TT;PT;Total;Males;2.6202743212601147;2.2381497228898177;3.0676399565397414;0.438481441126786;
TT;PT;Total;Females;2.6381902303070404;2.253452886586592;3.0886146911330443;0.4561432347053971;
TT;PT;Total;Total;2.629217015590929;2.3433834009516605;2.9499151151559553;0.9838044484692567;0.9522215123979809
TT;RO;40-49;Males;0.8900400780167663;0.7131938295313051;1.1107377933943832;;
TT;RO;40-49;Females;0.7250779487605636;0.581008801466026;0.9048710285494164;;
TT;RO;40-49;Total;0.8033358165070755;0.6837223954555777;0.9438749386775336;;0.19963744659197388
TT;RO;50-59;Males;0.6829237252943128;0.5472303988891394;0.8522640838604885;;
TT;RO;50-59;Females;0.45181484719388837;0.36204163056041677;0.563848571306141;;
TT;RO;50-59;Total;0.5554773430023325;0.47276903603053666;0.6526550071460285;;0.009753729286140416
TT;RO;Total;Males;0.779634199955629;0.6663546845249162;0.9121711002509293;0.09745905518851346;
TT;RO;Total;Females;0.5723643792401069;0.48920081415559663;0.6696656529249259;0.0030865349760855173;
TT;RO;Total;Total;0.6680081173847822;0.5956585715141652;0.7491453430404453;0.0015187105447670112;0.006376007693416186
TT;SK;40-49;Males;1.5249328475212687;1.220856702714489;1.9047445816359254;;
TT;SK;40-49;Females;1.6041420416021066;1.2842713479346974;2.0036822387835596;;
TT;SK;40-49;Total;1.5640360901618877;1.3303010505187733;1.8388385774595486;;0.7523102535053661
TT;SK;50-59;Males;1.7228542215187503;1.3793119661367799;2.1519618052169025;;
TT;SK;50-59;Females;1.5657117638693394;1.2535041818699806;1.9556802146936232;;
TT;SK;50-59;Total;1.6424046767054281;1.3969579605877427;1.930976592115159;;0.5511333308726599
TT;SK;Total;Males;1.6208753788877888;1.3844969401341187;1.897611267837203;0.44693914326891526;
TT;SK;Total;Females;1.5848104194047319;1.3536914712493882;1.8553888524803228;0.8798778627087527;
TT;SK;Total;Total;1.602741460441439;1.4285004669237422;1.7982354563382064;0.6754687027780807;0.8431564001115941
TT;SI;40-49;Males;2.747811035954254;2.193918624052632;3.441543093957005;;
TT;SI;40-49;Females;1.5629746874668258;1.2676837946662447;1.9270498557609037;;
TT;SI;40-49;Total;2.0305717172159596;1.734126951425132;2.377692991489951;;3.2323254779252213e-4
TT;SI;50-59;Males;2.685827588372403;2.134246665199137;3.379960691558228;;
TT;SI;50-59;Females;1.589659894659254;1.2921576397734824;1.9556581201122343;;
TT;SI;50-59;Total;2.010989322913732;1.7163672750631866;2.356184550724525;;8.97366466061645e-4
TT;SI;Total;Males;2.717290965339226;2.312708285563752;3.19265090042012;0.8894499080023287;
TT;SI;Total;Females;1.5764012744240072;1.360035789130336;1.8271879298078424;0.9103116188309969;
TT;SI;Total;Total;2.0207941706824153;1.8059139884216926;2.261242288639098;0.932303268332529;1.0649153211995097e-6
TT;SE;40-49;Males;1.7145315773037537;1.3714209607482066;2.143483739644703;;
TT;SE;40-49;Females;0.7761399024353911;0.6235384423855546;0.9660882268104629;;
TT;SE;40-49;Total;1.1445677637308502;0.9744570375135228;1.3443746777329417;;6.879031386529603e-7
TT;SE;50-59;Males;1.4382335959874013;1.1394383741287804;1.8153819667592361;;
TT;SE;50-59;Females;1.0593907256058457;0.8566375477024278;1.3101325204689012;;
TT;SE;50-59;Total;1.217193321541472;1.0356258875377344;1.4305934216531244;;0.05731014288141096
TT;SE;Total;Males;1.576125288622072;1.3409991791043256;1.8524775884599918;0.28570906437422083;
TT;SE;Total;Females;0.9110241947880516;0.7819213834579931;1.0614431336034766;0.04561544116561838;
TT;SE;Total;Total;1.1801780240001714;1.0523572058682393;1.3235241423408255;0.5968807019801748;1.3742965351767522e-6
TT;UK;40-49;Males;0.9052811295346326;0.7285095648425018;1.1249460035142806;;
TT;UK;40-49;Females;0.8031143432479828;0.6394202048226806;1.0087148380140778;;
TT;UK;40-49;Total;0.8551229671692805;0.7273303913532319;1.0053688085546615;;0.45600782191477574
TT;UK;50-59;Males;0.8966752440455393;0.7203746170547978;1.1161227425965323;;
TT;UK;50-59;Females;0.7092006393978474;0.5641044463451713;0.8916177672078739;;
TT;UK;50-59;Total;0.7974269658832234;0.6780364864336197;0.9378400405299981;;0.14664157663436517
TT;UK;Total;Males;0.9010010116541933;0.7719640115976005;1.051607083757482;0.9515927932796631;
TT;UK;Total;Females;0.7548961176730539;0.6420621974859971;0.8875591036338463;0.450487989808961;
TT;UK;Total;Total;0.8258290251562783;0.7359647262401267;0.9266661219957052;0.5501344470913254;0.1213123420241265
