Country;Age_group;Sex;COP;n;x;Prevalence;lower;upper;p_value_Age_group;p_value_Sex
AT;40-49;Males;50≥PT<100;107;10;9.3;5.1;16.5;;
AT;40-49;Females;50≥PT<100;143;18;12.6;8.1;19.1;;
AT;40-49;Total;50≥PT<100;250;28;11.2;7.8;15.7;;0.4228677373010967
AT;50-59;Males;50≥PT<100;114;9;7.9;4.2;14.5;;
AT;50-59;Females;50≥PT<100;136;4;2.9;1.1;7.6;;
AT;50-59;Total;50≥PT<100;250;13;5.2;3;8.7;;0.0908907042756586
AT;Total;Males;50≥PT<100;221;19;8.6;5.6;13.1;0.7008668872598549;
AT;Total;Females;50≥PT<100;279;22;7.9;5.2;11.7;0.005953648516658625;
AT;Total;Total;50≥PT<100;500;41;8.2;6.1;10.9;0.01684377064204993;0.7732776836328907
BE;40-49;Males;50≥PT<100;98;7;7.1;3.4;14.2;;
BE;40-49;Females;50≥PT<100;154;11;7.1;4;12.4;;
BE;40-49;Total;50≥PT<100;252;18;7.1;4.5;11.1;;0.9999999999999997
BE;50-59;Males;50≥PT<100;106;13;12.3;7.3;20;;
BE;50-59;Females;50≥PT<100;146;16;11;6.8;17.1;;
BE;50-59;Total;50≥PT<100;252;29;11.5;8.1;16.1;;0.7486798284607892
BE;Total;Males;50≥PT<100;204;20;9.8;6.4;14.7;0.22421949807102218;
BE;Total;Females;50≥PT<100;300;27;9;6.2;12.8;0.25164234211402847;
BE;Total;Total;50≥PT<100;504;47;9.3;7.1;12.2;0.09481773996589145;0.7606994684516861
DK;40-49;Males;50≥PT<100;126;10;7.9;4.3;14.1;;
DK;40-49;Females;50≥PT<100;123;9;7.3;3.9;13.5;;
DK;40-49;Total;50≥PT<100;249;19;7.6;4.9;11.7;;0.8539921605433495
DK;50-59;Males;50≥PT<100;126;10;7.9;4.3;14.1;;
DK;50-59;Females;50≥PT<100;116;13;11.2;6.6;18.3;;
DK;50-59;Total;50≥PT<100;242;23;9.5;6.4;13.9;;0.38827643082609337
DK;Total;Males;50≥PT<100;252;20;7.9;5.2;12;0.9999999999999997;
DK;Total;Females;50≥PT<100;239;22;9.2;6.1;13.6;0.3018524601307561;
DK;Total;Total;50≥PT<100;491;42;8.6;6.4;11.4;0.4588355019623219;0.6157331325401505
FI;40-49;Males;50≥PT<100;116;7;6;2.9;12.1;;
FI;40-49;Females;50≥PT<100;134;3;2.2;0.7;6.7;;
FI;40-49;Total;50≥PT<100;250;10;4;2.2;7.3;;0.14194641613395184
FI;50-59;Males;50≥PT<100;114;12;10.5;6.1;17.6;;
FI;50-59;Females;50≥PT<100;136;5;3.7;1.5;8.5;;
FI;50-59;Total;50≥PT<100;250;17;6.8;4.3;10.7;;0.040112364713585015
FI;Total;Males;50≥PT<100;230;19;8.3;5.3;12.6;0.22147537820567842;
FI;Total;Females;50≥PT<100;270;8;3;1.5;5.8;0.4903985034151676;
FI;Total;Total;50≥PT<100;500;27;5.4;3.7;7.8;0.1707654875284527;0.012197889402077089
FR;40-49;Males;50≥PT<100;149;15;10.1;6.2;16;;
FR;40-49;Females;50≥PT<100;150;13;8.7;5.1;14.4;;
FR;40-49;Total;50≥PT<100;299;28;9.4;6.5;13.2;;0.6779593502380357
FR;50-59;Males;50≥PT<100;149;24;16.1;11;22.9;;
FR;50-59;Females;50≥PT<100;149;7;4.7;2.3;9.5;;
FR;50-59;Total;50≥PT<100;298;31;10.4;7.4;14.4;;0.0023377421119754956
FR;Total;Males;50≥PT<100;298;39;13.1;9.7;17.4;0.12517163395307096;
FR;Total;Females;50≥PT<100;299;20;6.7;4.4;10.1;0.17590974651586305;
FR;Total;Total;50≥PT<100;597;59;9.9;7.7;12.5;0.670980332369259;0.010026280834876732
GR;40-49;Males;50≥PT<100;0;0;;;;;
GR;40-49;Females;50≥PT<100;0;0;;;;;
GR;40-49;Total;50≥PT<100;250;15;6;3.6;9.7;;
GR;50-59;Males;50≥PT<100;0;0;;;;;
GR;50-59;Females;50≥PT<100;0;0;;;;;
GR;50-59;Total;50≥PT<100;250;13;5.2;3;8.7;;
GR;Total;Males;50≥PT<100;0;0;;;;;
GR;Total;Females;50≥PT<100;0;0;;;;;
GR;Total;Total;50≥PT<100;501;28;5.6;3.9;8;0.6974977335709748;
HU;40-49;Males;50≥PT<100;128;9;7;3.7;13;;
HU;40-49;Females;50≥PT<100;132;4;3;1.1;7.8;;
HU;40-49;Total;50≥PT<100;260;13;5;2.9;8.4;;0.1501951619992688
HU;50-59;Males;50≥PT<100;137;10;7.3;4;13;;
HU;50-59;Females;50≥PT<100;136;3;2.2;0.7;6.6;;
HU;50-59;Total;50≥PT<100;273;13;4.8;2.8;8;;0.0620085885222008
HU;Total;Males;50≥PT<100;265;19;7.2;4.6;11;0.9326541178119067;
HU;Total;Females;50≥PT<100;268;7;2.6;1.3;5.4;0.6735108225195346;
HU;Total;Total;50≥PT<100;533;26;4.9;3.3;7.1;0.8985120182311088;0.01900846456035563
IE;40-49;Males;50≥PT<100;125;9;7.2;3.8;13.3;;
IE;40-49;Females;50≥PT<100;125;12;9.6;5.5;16.1;;
IE;40-49;Total;50≥PT<100;250;21;8.4;5.5;12.5;;0.49533339145435673
IE;50-59;Males;50≥PT<100;124;15;12.1;7.4;19.1;;
IE;50-59;Females;50≥PT<100;124;11;8.9;5;15.3;;
IE;50-59;Total;50≥PT<100;249;26;10.4;7.2;14.9;;0.4087190939090529
IE;Total;Males;50≥PT<100;249;24;9.6;6.5;14;0.19503007762083913;
IE;Total;Females;50≥PT<100;249;23;9.2;6.2;13.5;0.842571249468088;
IE;Total;Total;50≥PT<100;499;47;9.4;7.1;12.3;0.43577568648680204;0.8781879743483226
LV;40-49;Males;50≥PT<100;132;6;4.5;2.1;9.7;;
LV;40-49;Females;50≥PT<100;118;6;5.1;2.3;10.9;;
LV;40-49;Total;50≥PT<100;250;12;4.8;2.7;8.3;;0.8422367272432854
LV;50-59;Males;50≥PT<100;124;10;8.1;4.4;14.3;;
LV;50-59;Females;50≥PT<100;126;14;11.1;6.7;17.9;;
LV;50-59;Total;50≥PT<100;250;24;9.6;6.5;13.9;;0.4154189702738904
LV;Total;Males;50≥PT<100;256;16;6.3;3.9;10;0.25112805952032885;
LV;Total;Females;50≥PT<100;244;20;8.2;5.3;12.4;0.09397834530451629;
LV;Total;Total;50≥PT<100;500;36;7.2;5.2;9.8;0.041579226595786;0.4012566114260061
LT;40-49;Males;50≥PT<100;116;9;7.8;4.1;14.2;;
LT;40-49;Females;50≥PT<100;134;9;6.7;3.5;12.4;;
LT;40-49;Total;50≥PT<100;250;18;7.2;4.6;11.1;;0.7507365988919605
LT;50-59;Males;50≥PT<100;94;11;11.7;6.6;19.9;;
LT;50-59;Females;50≥PT<100;156;16;10.3;6.4;16.1;;
LT;50-59;Total;50≥PT<100;250;27;10.8;7.5;15.3;;0.7214664706331417
LT;Total;Males;50≥PT<100;210;20;9.5;6.2;14.3;0.3360993742833187;
LT;Total;Females;50≥PT<100;290;25;8.6;5.9;12.4;0.28756662216069556;
LT;Total;Total;50≥PT<100;500;45;9;6.8;11.8;0.16221829347816527;0.7277298338517642
NL;40-49;Males;50≥PT<100;318;33;10.4;7.5;14.2;;
NL;40-49;Females;50≥PT<100;512;38;7.4;5.4;10;;
NL;40-49;Total;50≥PT<100;830;71;8.6;6.8;10.7;;0.1405735570721737
NL;50-59;Males;50≥PT<100;334;29;8.7;6.1;12.2;;
NL;50-59;Females;50≥PT<100;480;32;6.7;4.8;9.3;;
NL;50-59;Total;50≥PT<100;814;61;7.5;5.9;9.5;;0.28387393691622614
NL;Total;Males;50≥PT<100;652;62;9.5;7.5;12;0.46143288630655904;
NL;Total;Females;50≥PT<100;992;70;7.1;5.6;8.8;0.6426846345803914;
NL;Total;Total;50≥PT<100;1644;132;8;6.8;9.4;0.429237226397533;0.074397217399393
NO;40-49;Males;50≥PT<100;0;0;;;;;
NO;40-49;Females;50≥PT<100;0;0;;;;;
NO;40-49;Total;50≥PT<100;251;30;12;8.5;16.6;;
NO;50-59;Males;50≥PT<100;0;0;;;;;
NO;50-59;Females;50≥PT<100;0;0;;;;;
NO;50-59;Total;50≥PT<100;251;33;13.1;9.5;17.9;;
NO;Total;Males;50≥PT<100;0;0;;;;;
NO;Total;Females;50≥PT<100;0;0;;;;;
NO;Total;Total;50≥PT<100;502;63;12.5;9.9;15.7;0.6861819330376091;
PT;40-49;Males;50≥PT<100;125;7;5.6;2.7;11.3;;
PT;40-49;Females;50≥PT<100;125;8;6.4;3.2;12.3;;
PT;40-49;Total;50≥PT<100;250;15;6;3.6;9.7;;0.7901423069287822
PT;50-59;Males;50≥PT<100;125;9;7.2;3.8;13.3;;
PT;50-59;Females;50≥PT<100;125;7;5.6;2.7;11.3;;
PT;50-59;Total;50≥PT<100;250;16;6.4;4;10.2;;0.6061765993691806
PT;Total;Males;50≥PT<100;250;16;6.4;4;10.2;0.6061765993691799;
PT;Total;Females;50≥PT<100;250;15;6;3.6;9.7;0.7901423069287827;
PT;Total;Total;50≥PT<100;500;31;6.2;4.4;8.7;0.8529028214106726;0.8529028214106726
RO;40-49;Males;50≥PT<100;126;9;7.1;3.8;13.2;;
RO;40-49;Females;50≥PT<100;126;9;7.1;3.8;13.2;;
RO;40-49;Total;50≥PT<100;252;18;7.1;4.5;11.1;;0.9999999999999994
RO;50-59;Males;50≥PT<100;126;15;11.9;7.3;18.8;;
RO;50-59;Females;50≥PT<100;126;13;10.3;6.1;17;;
RO;50-59;Total;50≥PT<100;252;28;11.1;7.8;15.6;;0.6887240772023013
RO;Total;Males;50≥PT<100;252;24;9.5;6.5;13.8;0.20233893642199782;
RO;Total;Females;50≥PT<100;252;22;8.7;5.8;12.9;0.37450561536028876;
RO;Total;Total;50≥PT<100;504;46;9.1;6.9;12;0.12472195087850346;0.7571317616207018
SK;40-49;Males;50≥PT<100;125;7;5.6;2.7;11.3;;
SK;40-49;Females;50≥PT<100;125;8;6.4;3.2;12.3;;
SK;40-49;Total;50≥PT<100;250;15;6;3.6;9.7;;0.7901423069287827
SK;50-59;Males;50≥PT<100;125;8;6.4;3.2;12.3;;
SK;50-59;Females;50≥PT<100;125;6;4.8;2.2;10.3;;
SK;50-59;Total;50≥PT<100;250;14;5.6;3.3;9.2;;0.5834453611278676
SK;Total;Males;50≥PT<100;250;15;6;3.6;9.7;0.7901423069287831;
SK;Total;Females;50≥PT<100;250;14;5.6;3.3;9.2;0.5834453611278676;
SK;Total;Total;50≥PT<100;500;29;5.8;4.1;8.2;0.8482976576466846;0.8482976576466847
SI;40-49;Males;50≥PT<100;122;8;6.6;3.3;12.6;;
SI;40-49;Females;50≥PT<100;141;11;7.8;4.4;13.5;;
SI;40-49;Total;50≥PT<100;263;19;7.2;4.7;11;;0.6978903442041644
SI;50-59;Males;50≥PT<100;117;7;6;2.9;12;;
SI;50-59;Females;50≥PT<100;144;6;4.2;1.9;9;;
SI;50-59;Total;50≥PT<100;261;13;5;2.9;8.4;;0.5045795904826682
SI;Total;Males;50≥PT<100;239;15;6.3;3.8;10.1;0.8548057685252409;
SI;Total;Females;50≥PT<100;285;17;6;3.7;9.4;0.20212768477587992;
SI;Total;Total;50≥PT<100;524;32;6.1;4.4;8.5;0.28617938164027085;0.8822036794136481
SE;40-49;Males;50≥PT<100;124;14;11.3;6.8;18.2;;
SE;40-49;Females;50≥PT<100;129;10;7.8;4.2;13.8;;
SE;40-49;Total;50≥PT<100;253;24;9.5;6.4;13.8;;0.3395518967898032
SE;50-59;Males;50≥PT<100;114;10;8.8;4.8;15.5;;
SE;50-59;Females;50≥PT<100;137;5;3.6;1.5;8.5;;
SE;50-59;Total;50≥PT<100;251;15;6;3.6;9.7;;0.09811670720036321
SE;Total;Males;50≥PT<100;238;24;10.1;6.9;14.6;0.5202150034321509;
SE;Total;Females;50≥PT<100;266;15;5.6;3.4;9.1;0.15632628163849177;
SE;Total;Total;50≥PT<100;504;39;7.7;5.7;10.4;0.1436080501510295;0.06571252630778275
UK;40-49;Males;50≥PT<100;131;6;4.6;2.1;9.8;;
UK;40-49;Females;50≥PT<100;119;4;3.4;1.3;8.6;;
UK;40-49;Total;50≥PT<100;250;10;4;2.2;7.3;;0.6246550907855766
UK;50-59;Males;50≥PT<100;129;10;7.8;4.2;13.8;;
UK;50-59;Females;50≥PT<100;118;3;2.5;0.8;7.6;;
UK;50-59;Total;50≥PT<100;249;14;5.6;3.4;9.3;;0.08133883498160831
UK;Total;Males;50≥PT<100;260;16;6.2;3.8;9.8;0.29253544428584544;
UK;Total;Females;50≥PT<100;237;7;3;1.4;6.1;0.7105095095612616;
UK;Total;Total;50≥PT<100;499;24;4.8;3.2;7.1;0.39920261589452216;0.09690362955511592
AT;40-49;Males;Dt<0.01;107;12;11.2;6.5;18.7;;
AT;40-49;Females;Dt<0.01;143;14;9.8;5.9;15.9;;
AT;40-49;Total;Dt<0.01;250;26;10.4;7.2;14.8;;0.7151979326347475
AT;50-59;Males;Dt<0.01;114;21;18.4;12.3;26.6;;
AT;50-59;Females;Dt<0.01;136;29;21.3;15.2;29;;
AT;50-59;Total;Dt<0.01;250;50;20;15.5;25.4;;0.5679947283315014
AT;Total;Males;Dt<0.01;221;33;14.9;10.8;20.3;0.13653297826347896;
AT;Total;Females;Dt<0.01;279;43;15.4;11.6;20.1;0.009067364430893923;
AT;Total;Total;Dt<0.01;500;76;15.2;12.3;18.6;0.0032410965830979212;0.8819625690634489
BE;40-49;Males;Dt<0.01;98;14;14.3;8.6;22.7;;
BE;40-49;Females;Dt<0.01;154;20;13;8.5;19.3;;
BE;40-49;Total;Dt<0.01;252;34;13.5;9.8;18.3;;0.7686946970794735
BE;50-59;Males;Dt<0.01;106;33;31.1;23.1;40.5;;
BE;50-59;Females;Dt<0.01;146;37;25.3;18.9;33;;
BE;50-59;Total;Dt<0.01;252;70;27.8;22.6;33.6;;0.31174351074759776
BE;Total;Males;Dt<0.01;204;47;23;17.8;29.3;0.005170256416790777;
BE;Total;Females;Dt<0.01;300;57;19;15;23.8;0.007256909060255554;
BE;Total;Total;Dt<0.01;504;104;20.6;17.3;24.4;9.932328195565732e-5;0.272000461562983
DK;40-49;Males;Dt<0.01;126;8;6.3;3.2;12.2;;
DK;40-49;Females;Dt<0.01;123;24;19.5;13.4;27.5;;
DK;40-49;Total;Dt<0.01;249;32;12.9;9.2;17.6;;0.003071762143553757
DK;50-59;Males;Dt<0.01;126;15;11.9;7.3;18.8;;
DK;50-59;Females;Dt<0.01;116;22;19;12.8;27.1;;
DK;50-59;Total;Dt<0.01;242;37;15.3;11.3;20.4;;0.1302728897432261
DK;Total;Males;Dt<0.01;252;23;9.1;6.1;13.4;0.13149285036300057;
DK;Total;Females;Dt<0.01;239;46;19.2;14.7;24.7;0.9146797116163763;
DK;Total;Total;Dt<0.01;491;69;14.1;11.3;17.4;0.4375999071231866;0.0015750984090173855
FI;40-49;Males;Dt<0.01;116;4;3.4;1.3;8.8;;
FI;40-49;Females;Dt<0.01;134;4;3;1.1;7.7;;
FI;40-49;Total;Dt<0.01;250;8;3.2;1.6;6.3;;0.8357365494676745
FI;50-59;Males;Dt<0.01;114;8;7;3.5;13.4;;
FI;50-59;Females;Dt<0.01;136;3;2.2;0.7;6.6;;
FI;50-59;Total;Dt<0.01;250;11;4.4;2.5;7.8;;0.07980048977904507
FI;Total;Males;Dt<0.01;230;12;5.2;3;9;0.23288572300803037;
FI;Total;Females;Dt<0.01;270;7;2.6;1.2;5.3;0.6881722576532763;
FI;Total;Total;Dt<0.01;500;19;3.8;2.4;5.9;0.48463874212988395;0.1335319635575396
FR;40-49;Males;Dt<0.01;149;2;1.3;0.3;5.2;;
FR;40-49;Females;Dt<0.01;150;4;2.7;1;6.9;;
FR;40-49;Total;Dt<0.01;299;6;2;0.9;4.4;;0.4231304615264751
FR;50-59;Males;Dt<0.01;149;12;8.1;4.6;13.6;;
FR;50-59;Females;Dt<0.01;149;20;13.4;8.8;19.9;;
FR;50-59;Total;Dt<0.01;298;32;10.7;7.7;14.8;;0.13825938340900754
FR;Total;Males;Dt<0.01;298;14;4.7;2.8;7.8;0.01598495340848651;
FR;Total;Females;Dt<0.01;299;24;8;5.4;11.7;0.0020007007128639374;
FR;Total;Total;Dt<0.01;597;38;6.4;4.7;8.6;9.234630040439072e-5;0.09952151299570257
GR;40-49;Males;Dt<0.01;0;0;;;;;
GR;40-49;Females;Dt<0.01;0;0;;;;;
GR;40-49;Total;Dt<0.01;250;67;26.8;21.7;32.6;;
GR;50-59;Males;Dt<0.01;0;0;;;;;
GR;50-59;Females;Dt<0.01;0;0;;;;;
GR;50-59;Total;Dt<0.01;250;149;59.6;53.4;65.5;;
GR;Total;Males;Dt<0.01;0;0;;;;;
GR;Total;Females;Dt<0.01;0;0;;;;;
GR;Total;Total;Dt<0.01;501;217;43.3;39;47.7;4.3288214798803295e-13;
HU;40-49;Males;Dt<0.01;128;4;3.1;1.2;8;;
HU;40-49;Females;Dt<0.01;132;5;3.8;1.6;8.8;;
HU;40-49;Total;Dt<0.01;260;9;3.5;1.8;6.5;;0.7703765313981952
HU;50-59;Males;Dt<0.01;137;11;8;4.5;13.9;;
HU;50-59;Females;Dt<0.01;136;23;16.9;11.5;24.2;;
HU;50-59;Total;Dt<0.01;273;34;12.5;9;16.9;;0.029470379510111323
HU;Total;Males;Dt<0.01;265;15;5.7;3.4;9.2;0.09561356988532677;
HU;Total;Females;Dt<0.01;268;28;10.4;7.3;14.7;0.0012789800088570725;
HU;Total;Total;Dt<0.01;533;43;8.1;6;10.7;3.516599387048441e-4;0.0454995245206562
IE;40-49;Males;Dt<0.01;125;42;33.6;25.9;42.3;;
IE;40-49;Females;Dt<0.01;125;41;32.8;25.1;41.5;;
IE;40-49;Total;Dt<0.01;250;83;33.2;27.6;39.3;;0.8931680848179873
IE;50-59;Males;Dt<0.01;124;44;35.5;27.6;44.3;;
IE;50-59;Females;Dt<0.01;124;59;47.6;39;56.4;;
IE;50-59;Total;Dt<0.01;249;104;41.8;35.8;48;;0.05392615869609985
IE;Total;Males;Dt<0.01;249;86;34.5;28.9;40.7;0.7546150701000879;
IE;Total;Females;Dt<0.01;249;100;40.2;34.3;46.4;0.0178757325990204;
IE;Total;Total;Dt<0.01;499;187;37.5;33.3;41.8;0.04844273832455276;0.19498440062170827
LV;40-49;Males;Dt<0.01;132;1;0.8;0.1;5.2;;
LV;40-49;Females;Dt<0.01;118;2;1.7;0.4;6.5;;
LV;40-49;Total;Dt<0.01;250;3;1.2;0.4;3.7;;0.508183139336273
LV;50-59;Males;Dt<0.01;124;11;8.9;5;15.3;;
LV;50-59;Females;Dt<0.01;126;12;9.5;5.5;16;;
LV;50-59;Total;Dt<0.01;250;23;9.2;6.2;13.5;;0.8583057780871138
LV;Total;Males;Dt<0.01;256;12;4.7;2.7;8.1;0.01555800931866049;
LV;Total;Females;Dt<0.01;244;14;5.7;3.4;9.5;0.019585643075285743;
LV;Total;Total;Dt<0.01;500;26;5.2;3.6;7.5;6.31668101335672e-4;0.597614828854594
LT;40-49;Males;Dt<0.01;116;3;2.6;0.8;7.7;;
LT;40-49;Females;Dt<0.01;134;4;3;1.1;7.7;;
LT;40-49;Total;Dt<0.01;250;7;2.8;1.3;5.8;;0.8489273356956724
LT;50-59;Males;Dt<0.01;94;8;8.5;4.3;16.1;;
LT;50-59;Females;Dt<0.01;156;19;12.2;7.9;18.3;;
LT;50-59;Total;Dt<0.01;250;27;10.8;7.5;15.3;;0.36770114257730196
LT;Total;Males;Dt<0.01;210;11;5.2;2.9;9.2;0.06997828473661251;
LT;Total;Females;Dt<0.01;290;23;7.9;5.3;11.7;0.007547618448654181;
LT;Total;Total;Dt<0.01;500;34;6.8;4.9;9.4;9.425917121228842e-4;0.2409691055729046
NL;40-49;Males;Dt<0.01;318;26;8.2;5.6;11.7;;
NL;40-49;Females;Dt<0.01;512;76;14.8;12;18.2;;
NL;40-49;Total;Dt<0.01;830;102;12.3;10.2;14.7;;0.005026242493307644
NL;50-59;Males;Dt<0.01;334;29;8.7;6.1;12.2;;
NL;50-59;Females;Dt<0.01;480;79;16.5;13.4;20;;
NL;50-59;Total;Dt<0.01;814;108;13.3;11.1;15.8;;0.001540206817604822
NL;Total;Males;Dt<0.01;652;55;8.4;6.5;10.8;0.8160798818597405;
NL;Total;Females;Dt<0.01;992;155;15.6;13.5;18;0.48414722317408304;
NL;Total;Total;Dt<0.01;1644;210;12.8;11.2;14.5;0.5523576093200635;2.5540726629709618e-5
NO;40-49;Males;Dt<0.01;0;0;;;;;
NO;40-49;Females;Dt<0.01;0;0;;;;;
NO;40-49;Total;Dt<0.01;251;14;5.6;3.3;9.2;;
NO;50-59;Males;Dt<0.01;0;0;;;;;
NO;50-59;Females;Dt<0.01;0;0;;;;;
NO;50-59;Total;Dt<0.01;251;22;8.8;5.8;13;;
NO;Total;Males;Dt<0.01;0;0;;;;;
NO;Total;Females;Dt<0.01;0;0;;;;;
NO;Total;Total;Dt<0.01;502;36;7.2;5.2;9.8;0.16976639971965507;
PT;40-49;Males;Dt<0.01;125;10;8;4.4;14.2;;
PT;40-49;Females;Dt<0.01;125;9;7.2;3.8;13.3;;
PT;40-49;Total;Dt<0.01;250;19;7.6;4.9;11.6;;0.8114451461616615
PT;50-59;Males;Dt<0.01;125;9;7.2;3.8;13.3;;
PT;50-59;Females;Dt<0.01;125;16;12.8;8;19.9;;
PT;50-59;Total;Dt<0.01;250;25;10;6.8;14.4;;0.1450096655235742
PT;Total;Males;Dt<0.01;250;19;7.6;4.9;11.6;0.8114451461616626;
PT;Total;Females;Dt<0.01;250;25;10;6.8;14.4;0.14500966552357358;
PT;Total;Total;Dt<0.01;500;44;8.8;6.6;11.6;0.34493649798973275;0.34493649471606835
RO;40-49;Males;Dt<0.01;126;31;24.6;17.9;32.9;;
RO;40-49;Females;Dt<0.01;126;34;27;20;35.4;;
RO;40-49;Total;Dt<0.01;252;65;25.8;20.8;31.6;;0.6658564461295484
RO;50-59;Males;Dt<0.01;126;30;23.8;17.2;32;;
RO;50-59;Females;Dt<0.01;126;33;26.2;19.3;34.5;;
RO;50-59;Total;Dt<0.01;252;63;25;20;30.7;;0.6626138094032785
RO;Total;Males;Dt<0.01;252;61;24.2;19.3;29.9;0.8830822884510018;
RO;Total;Females;Dt<0.01;252;67;26.6;21.5;32.4;0.886620339908713;
RO;Total;Total;Dt<0.01;504;128;25.4;21.8;29.4;0.8378378918880728;0.5393314610749411
SK;40-49;Males;Dt<0.01;125;4;3.2;1.2;8.2;;
SK;40-49;Females;Dt<0.01;125;9;7.2;3.8;13.3;;
SK;40-49;Total;Dt<0.01;250;13;5.2;3;8.7;;0.1652516195924393
SK;50-59;Males;Dt<0.01;125;4;3.2;1.2;8.2;;
SK;50-59;Females;Dt<0.01;125;13;10.4;6.1;17.1;;
SK;50-59;Total;Dt<0.01;250;17;6.8;4.3;10.7;;0.03227323160249506
SK;Total;Males;Dt<0.01;250;8;3.2;1.6;6.3;0.9999999999999996;
SK;Total;Females;Dt<0.01;250;22;8.8;5.9;13;0.3743210094605171;
SK;Total;Total;Dt<0.01;500;30;6;4.2;8.5;0.45257951046921313;0.01133937158145126
SI;40-49;Males;Dt<0.01;122;4;3.3;1.2;8.4;;
SI;40-49;Females;Dt<0.01;141;1;0.7;0.1;4.9;;
SI;40-49;Total;Dt<0.01;263;5;1.9;0.8;4.5;;0.1662881167280954
SI;50-59;Males;Dt<0.01;117;9;7.7;4.1;14.1;;
SI;50-59;Females;Dt<0.01;144;18;12.5;8;19;;
SI;50-59;Total;Dt<0.01;261;27;10.3;7.2;14.7;;0.20874926976791144
SI;Total;Males;Dt<0.01;239;13;5.4;3.2;9.1;0.1439117887017614;
SI;Total;Females;Dt<0.01;285;19;6.7;4.3;10.2;0.003788826556237144;
SI;Total;Total;Dt<0.01;524;32;6.1;4.4;8.5;3.1465179688503246e-4;0.5596058997736855
SE;40-49;Males;Dt<0.01;124;9;7.3;3.8;13.4;;
SE;40-49;Females;Dt<0.01;129;20;15.5;10.2;22.8;;
SE;40-49;Total;Dt<0.01;253;29;11.5;8.1;16;;0.04399812391237862
SE;50-59;Males;Dt<0.01;114;25;21.9;15.3;30.4;;
SE;50-59;Females;Dt<0.01;137;28;20.4;14.5;28;;
SE;50-59;Total;Dt<0.01;251;53;21.1;16.5;26.6;;0.7731210301849885
SE;Total;Males;Dt<0.01;238;34;14.3;10.4;19.3;0.002001465681669029;
SE;Total;Females;Dt<0.01;266;48;18;13.9;23.1;0.29692944579111963;
SE;Total;Total;Dt<0.01;504;82;16.3;13.3;19.8;0.0037669881841859085;0.2545544325835631
UK;40-49;Males;Dt<0.01;131;26;19.8;13.9;27.6;;
UK;40-49;Females;Dt<0.01;119;36;30.3;22.7;39.1;;
UK;40-49;Total;Dt<0.01;250;62;24.8;19.8;30.5;;0.058542138479107796
UK;50-59;Males;Dt<0.01;129;37;28.7;21.5;37.1;;
UK;50-59;Females;Dt<0.01;118;51;43.2;34.6;52.3;;
UK;50-59;Total;Dt<0.01;249;89;35.7;30;41.9;;0.01775760442957722
UK;Total;Males;Dt<0.01;260;63;24.2;19.4;29.8;0.09793479392541696;
UK;Total;Females;Dt<0.01;237;87;36.7;30.8;43;0.039148296069887914;
UK;Total;Total;Dt<0.01;499;151;30.3;26.4;34.4;0.008063779729228485;0.002609166361989466
AT;40-49;Males;Dt<0.1;107;57;53.3;43.8;62.5;;
AT;40-49;Females;Dt<0.1;143;77;53.8;45.6;61.8;;
AT;40-49;Total;Dt<0.1;250;134;53.6;47.4;59.7;;0.9281114095322396
AT;50-59;Males;Dt<0.1;114;60;52.6;43.5;61.6;;
AT;50-59;Females;Dt<0.1;136;88;64.7;56.3;72.3;;
AT;50-59;Total;Dt<0.1;250;148;59.2;53;65.1;;0.05370979326374527
AT;Total;Males;Dt<0.1;221;117;52.9;46.3;59.4;0.9241739264364102;
AT;Total;Females;Dt<0.1;279;165;59.1;53.3;64.8;0.06575587996038766;
AT;Total;Total;Dt<0.1;500;282;56.4;52;60.7;0.20699676793335814;0.16540435271707674
BE;40-49;Males;Dt<0.1;98;53;54.1;44.2;63.7;;
BE;40-49;Females;Dt<0.1;154;85;55.2;47.3;62.9;;
BE;40-49;Total;Dt<0.1;252;138;54.8;48.6;60.8;;0.8625927404236566
BE;50-59;Males;Dt<0.1;106;65;61.3;51.7;70.1;;
BE;50-59;Females;Dt<0.1;146;94;64.4;56.3;71.7;;
BE;50-59;Total;Dt<0.1;252;159;63.1;57;68.8;;0.6189836153749855
BE;Total;Males;Dt<0.1;204;118;57.8;51;64.4;0.29598802525489404;
BE;Total;Females;Dt<0.1;300;179;59.7;54;65.1;0.10549412336686326;
BE;Total;Total;Dt<0.1;504;297;58.9;54.6;63.1;0.05759055539675972;0.6829634470614816
DK;40-49;Males;Dt<0.1;126;52;41.3;33;50;;
DK;40-49;Females;Dt<0.1;123;79;64.2;55.4;72.2;;
DK;40-49;Total;Dt<0.1;249;131;52.6;46.4;58.7;;3.2571112402377504e-4
DK;50-59;Males;Dt<0.1;126;51;40.5;32.3;49.3;;
DK;50-59;Females;Dt<0.1;116;77;66.4;57.3;74.4;;
DK;50-59;Total;Dt<0.1;242;128;52.9;46.6;59.1;;6.766925700793619e-5
DK;Total;Males;Dt<0.1;252;103;40.9;35;47.1;0.8980385464442117;
DK;Total;Females;Dt<0.1;239;156;65.3;59;71;0.7269827711175996;
DK;Total;Total;Dt<0.1;491;259;52.7;48.3;57.1;0.9500834777567755;8.519492893628159e-8
FI;40-49;Males;Dt<0.1;116;19;16.4;10.7;24.3;;
FI;40-49;Females;Dt<0.1;134;32;23.9;17.4;31.8;;
FI;40-49;Total;Dt<0.1;250;51;20.4;15.9;25.8;;0.14411028901080974
FI;50-59;Males;Dt<0.1;114;32;28.1;20.6;37;;
FI;50-59;Females;Dt<0.1;136;31;22.8;16.5;30.6;;
FI;50-59;Total;Dt<0.1;250;63;25.2;20.2;30.9;;0.339248120801254
FI;Total;Males;Dt<0.1;230;51;22.2;17.3;28;0.03457602266099107;
FI;Total;Females;Dt<0.1;270;63;23.3;18.7;28.7;0.8328658921560678;
FI;Total;Total;Dt<0.1;500;114;22.8;19.3;26.7;0.201510655738007;0.7581161455243645
FR;40-49;Males;Dt<0.1;149;27;18.1;12.7;25.1;;
FR;40-49;Females;Dt<0.1;150;42;28;21.4;35.7;;
FR;40-49;Total;Dt<0.1;299;69;23.1;18.6;28.2;;0.04395209165864825
FR;50-59;Males;Dt<0.1;149;65;43.6;35.9;51.7;;
FR;50-59;Females;Dt<0.1;149;78;52.3;44.3;60.2;;
FR;50-59;Total;Dt<0.1;298;143;48;42.4;53.7;;0.13221462075756746
FR;Total;Males;Dt<0.1;298;92;30.9;25.9;36.3;3.3491156531044347e-6;
FR;Total;Females;Dt<0.1;299;120;40.1;34.7;45.8;2.229769286679144e-5;
FR;Total;Total;Dt<0.1;597;212;35.5;31.8;39.4;4.048282266677011e-10;0.018314150055902194
GR;40-49;Males;Dt<0.1;0;0;;;;;
GR;40-49;Females;Dt<0.1;0;0;;;;;
GR;40-49;Total;Dt<0.1;250;181;72.4;66.5;77.6;;
GR;50-59;Males;Dt<0.1;0;0;;;;;
GR;50-59;Females;Dt<0.1;0;0;;;;;
GR;50-59;Total;Dt<0.1;250;229;91.6;87.5;94.5;;
GR;Total;Males;Dt<0.1;0;0;;;;;
GR;Total;Females;Dt<0.1;0;0;;;;;
GR;Total;Total;Dt<0.1;501;411;82;78.4;85.2;1.0973256104018743e-7;
HU;40-49;Males;Dt<0.1;128;68;53.1;44.5;61.6;;
HU;40-49;Females;Dt<0.1;132;89;67.4;59;74.9;;
HU;40-49;Total;Dt<0.1;260;157;60.4;54.3;66.2;;0.018937531660878477
HU;50-59;Males;Dt<0.1;137;94;68.6;60.4;75.8;;
HU;50-59;Females;Dt<0.1;136;92;67.6;59.3;75;;
HU;50-59;Total;Dt<0.1;273;186;68.1;62.4;73.4;;0.8640070638570188
HU;Total;Males;Dt<0.1;265;162;61.1;55.1;66.8;0.010128000871237736;
HU;Total;Females;Dt<0.1;268;181;67.5;61.7;72.9;0.9689328299777354;
HU;Total;Total;Dt<0.1;533;343;64.4;60.2;68.3;0.06234313530685702;0.12303989472478065
IE;40-49;Males;Dt<0.1;125;84;67.2;58.5;74.9;;
IE;40-49;Females;Dt<0.1;125;107;85.6;78.3;90.7;;
IE;40-49;Total;Dt<0.1;250;191;76.4;70.7;81.3;;8.12424769340695e-4
IE;50-59;Males;Dt<0.1;124;93;75;66.6;81.8;;
IE;50-59;Females;Dt<0.1;124;98;79;71;85.3;;
IE;50-59;Total;Dt<0.1;249;192;77.1;71.5;81.9;;0.45092512186160216
IE;Total;Males;Dt<0.1;249;177;71.1;65.1;76.4;0.17566405270977364;
IE;Total;Females;Dt<0.1;249;205;82.3;77.1;86.6;0.1764073941972377;
IE;Total;Total;Dt<0.1;499;383;76.8;72.8;80.3;0.8514119771568062;0.0032343998107610314
LV;40-49;Males;Dt<0.1;132;28;21.2;15.1;29;;
LV;40-49;Females;Dt<0.1;118;27;22.9;16.2;31.3;;
LV;40-49;Total;Dt<0.1;250;55;22;17.3;27.6;;0.7504812274816499
LV;50-59;Males;Dt<0.1;124;53;42.7;34.3;51.6;;
LV;50-59;Females;Dt<0.1;126;57;45.2;36.8;54;;
LV;50-59;Total;Dt<0.1;250;110;44;38;50.2;;0.6910038347406582
LV;Total;Males;Dt<0.1;256;81;31.6;26.2;37.6;2.675177874103792e-4;
LV;Total;Females;Dt<0.1;244;84;34.4;28.7;40.6;2.959099559376733e-4;
LV;Total;Total;Dt<0.1;500;165;33;29;37.2;2.577426841296438e-7;0.507970899956782
LT;40-49;Males;Dt<0.1;116;28;24.1;17.2;32.7;;
LT;40-49;Females;Dt<0.1;134;41;30.6;23.4;38.9;;
LT;40-49;Total;Dt<0.1;250;69;27.6;22.4;33.5;;0.25542245535619557
LT;50-59;Males;Dt<0.1;94;43;45.7;36;55.9;;
LT;50-59;Females;Dt<0.1;156;78;50;42.2;57.8;;
LT;50-59;Total;Dt<0.1;250;121;48.4;42.3;54.6;;0.5144629059045849
LT;Total;Males;Dt<0.1;210;71;33.8;27.7;40.5;0.001156443575363807;
LT;Total;Females;Dt<0.1;290;119;41;35.5;46.8;8.936408564985055e-4;
LT;Total;Total;Dt<0.1;500;190;38;33.8;42.3;2.104523610322029e-6;0.10086901917144601
NL;40-49;Males;Dt<0.1;318;161;50.6;45.1;56.1;;
NL;40-49;Females;Dt<0.1;512;308;60.2;55.8;64.3;;
NL;40-49;Total;Dt<0.1;830;469;56.5;53.1;59.8;;0.007216361926025123
NL;50-59;Males;Dt<0.1;334;175;52.4;47;57.7;;
NL;50-59;Females;Dt<0.1;480;302;62.9;58.5;67.1;;
NL;50-59;Total;Dt<0.1;814;477;58.6;55.2;61.9;;0.002779499308548395
NL;Total;Males;Dt<0.1;652;336;51.5;47.7;55.4;0.6519465944035597;
NL;Total;Females;Dt<0.1;992;610;61.5;58.4;64.5;0.37200434864898047;
NL;Total;Total;Dt<0.1;1644;946;57.5;55.1;59.9;0.39059155167612736;6.659739545279448e-5
NO;40-49;Males;Dt<0.1;0;0;;;;;
NO;40-49;Females;Dt<0.1;0;0;;;;;
NO;40-49;Total;Dt<0.1;251;80;31.9;26.4;37.9;;
NO;50-59;Males;Dt<0.1;0;0;;;;;
NO;50-59;Females;Dt<0.1;0;0;;;;;
NO;50-59;Total;Dt<0.1;251;82;32.7;27.2;38.7;;
NO;Total;Males;Dt<0.1;0;0;;;;;
NO;Total;Females;Dt<0.1;0;0;;;;;
NO;Total;Total;Dt<0.1;502;162;32.3;28.3;36.5;0.8485795973287162;
PT;40-49;Males;Dt<0.1;125;46;36.8;28.8;45.6;;
PT;40-49;Females;Dt<0.1;125;60;48;39.4;56.7;;
PT;40-49;Total;Dt<0.1;250;106;42.4;36.4;48.6;;0.07386388857435368
PT;50-59;Males;Dt<0.1;125;50;40;31.8;48.8;;
PT;50-59;Females;Dt<0.1;125;54;43.2;34.8;52;;
PT;50-59;Total;Dt<0.1;250;104;41.6;35.6;47.8;;0.6078403227000884
PT;Total;Males;Dt<0.1;250;96;38.4;32.6;44.6;0.603034867627102;
PT;Total;Females;Dt<0.1;250;114;45.6;39.5;51.8;0.44629999271815385;
PT;Total;Total;Dt<0.1;500;210;42;37.7;46.4;0.8561965437212549;0.10323344274889437
RO;40-49;Males;Dt<0.1;126;98;77.8;69.7;84.2;;
RO;40-49;Females;Dt<0.1;126;97;77;68.8;83.5;;
RO;40-49;Total;Dt<0.1;252;195;77.4;71.8;82.1;;0.8803178238893907
RO;50-59;Males;Dt<0.1;126;91;72.2;63.8;79.3;;
RO;50-59;Females;Dt<0.1;126;96;76.2;68;82.8;;
RO;50-59;Total;Dt<0.1;252;187;74.2;68.4;79.2;;0.47190516425220097
RO;Total;Males;Dt<0.1;252;189;75;69.3;80;0.309293893471928;
RO;Total;Females;Dt<0.1;252;193;76.6;71;81.4;0.8817448915653374;
RO;Total;Total;Dt<0.1;504;382;75.8;71.9;79.3;0.40570534496276345;0.6774735143644839
SK;40-49;Males;Dt<0.1;125;76;60.8;52;69;;
SK;40-49;Females;Dt<0.1;125;85;68;59.3;75.6;;
SK;40-49;Total;Dt<0.1;250;161;64.4;58.3;70.1;;0.23512801540660475
SK;50-59;Males;Dt<0.1;125;86;68.8;60.2;76.3;;
SK;50-59;Females;Dt<0.1;125;92;73.6;65.2;80.6;;
SK;50-59;Total;Dt<0.1;250;178;71.2;65.3;76.5;;0.40244546549469074
SK;Total;Males;Dt<0.1;250;162;64.8;58.7;70.5;0.1861376571164934;
SK;Total;Females;Dt<0.1;250;177;70.8;64.9;76.1;0.3307770577718356;
SK;Total;Total;Dt<0.1;500;339;67.8;63.6;71.8;0.10419714384065686;0.15153509132978746
SI;40-49;Males;Dt<0.1;122;30;24.6;17.8;33;;
SI;40-49;Females;Dt<0.1;141;40;28.4;21.5;36.4;;
SI;40-49;Total;Dt<0.1;263;70;26.6;21.6;32.3;;0.4895576645663292
SI;50-59;Males;Dt<0.1;117;39;33.3;25.4;42.3;;
SI;50-59;Females;Dt<0.1;144;60;41.7;33.9;49.9;;
SI;50-59;Total;Dt<0.1;261;99;37.9;32.2;44;;0.1683216802403092
SI;Total;Males;Dt<0.1;239;69;28.9;23.5;34.9;0.13709718987831926;
SI;Total;Females;Dt<0.1;285;100;35.1;29.8;40.8;0.019235533969993848;
SI;Total;Total;Dt<0.1;524;169;32.3;28.4;36.4;0.005786400213642891;0.12986229852634712
SE;40-49;Males;Dt<0.1;124;67;54;45.2;62.6;;
SE;40-49;Females;Dt<0.1;129;81;62.8;54.1;70.7;;
SE;40-49;Total;Dt<0.1;253;148;58.5;52.3;64.4;;0.1581507369531284
SE;50-59;Males;Dt<0.1;114;66;57.9;48.7;66.6;;
SE;50-59;Females;Dt<0.1;137;90;65.7;57.4;73.2;;
SE;50-59;Total;Dt<0.1;251;156;62.2;56;67.9;;0.20527657661139598
SE;Total;Males;Dt<0.1;238;133;55.9;49.5;62.1;0.548939362526078;
SE;Total;Females;Dt<0.1;266;171;64.3;58.3;69.8;0.6215260452940934;
SE;Total;Total;Dt<0.1;504;304;60.3;56;64.5;0.4020401967119511;0.05457077030198177
UK;40-49;Males;Dt<0.1;131;92;70.2;61.9;77.4;;
UK;40-49;Females;Dt<0.1;119;87;73.1;64.5;80.3;;
UK;40-49;Total;Dt<0.1;250;179;71.6;65.7;76.8;;0.6141165800894128
UK;50-59;Males;Dt<0.1;129;100;77.5;69.5;83.9;;
UK;50-59;Females;Dt<0.1;118;95;80.5;72.4;86.7;;
UK;50-59;Total;Dt<0.1;249;197;79.1;73.6;83.7;;0.5651666535673511
UK;Total;Males;Dt<0.1;260;192;73.8;68.2;78.8;0.18220390754137028;
UK;Total;Females;Dt<0.1;237;182;76.8;71;81.7;0.17877552730685223;
UK;Total;Total;Dt<0.1;499;376;75.4;71.4;78.9;0.05213795016229297;0.44722482718099377
AT;40-49;Males;PT≥100;107;4;2.5;0;8.81;;
AT;40-49;Females;PT≥100;143;9;5.8;1.52;12.09;;
AT;40-49;Total;PT≥100;250;13;4.3;1.24;8.55;;0.36992
AT;50-59;Males;PT≥100;114;4;2.18;0;8.12;;
AT;50-59;Females;PT≥100;136;5;2.37;0;7.76;;
AT;50-59;Total;PT≥100;250;9;2.2;0;5.9;;0.96684
AT;Total;Males;PT≥100;221;8;2.23;0;6.22;0.86368;
AT;Total;Females;PT≥100;279;14;4.05;1.19;7.98;0.31796;
AT;Total;Total;PT≥100;500;22;3.2;1.13;5.89;0.38796;0.45374
BE;40-49;Males;PT≥100;98;9;9.66;3.47;18.6;;
BE;40-49;Females;PT≥100;154;10;6.05;1.82;12.16;;
BE;40-49;Total;PT≥100;252;19;7.37;3.63;12.24;;0.42514
BE;50-59;Males;PT≥100;106;7;6.26;1.31;13.89;;
BE;50-59;Females;PT≥100;146;11;7.43;2.72;14.06;;
BE;50-59;Total;PT≥100;252;18;6.85;3.21;11.62;;0.7868
BE;Total;Males;PT≥100;204;16;7.79;3.6;13.35;0.49344;
BE;Total;Females;PT≥100;300;21;6.65;3.31;10.95;0.71134;
BE;Total;Total;PT≥100;504;37;7.07;4.35;10.37;0.84752;0.70812
DK;40-49;Males;PT≥100;126;8;5.9;1.37;12.7;;
DK;40-49;Females;PT≥100;123;6;3.97;0.07;10.27;;
DK;40-49;Total;PT≥100;249;14;4.86;1.65;9.24;;0.61364
DK;50-59;Males;PT≥100;126;17;15.27;8.38;24.06;;
DK;50-59;Females;PT≥100;116;10;8.89;3.31;16.83;;
DK;50-59;Total;PT≥100;242;27;12.13;7.43;17.9;;0.22514
DK;Total;Males;PT≥100;252;25;10.5;6.16;15.91;0.053900000000000003;
DK;Total;Females;PT≥100;239;16;6.27;2.67;11.05;0.24616;
DK;Total;Total;PT≥100;491;41;8.4;5.46;11.92;0.02566;0.19586
FI;40-49;Males;PT≥100;116;3;0.96;0;6.28;;
FI;40-49;Females;PT≥100;134;2;0;0;3.59;;
FI;40-49;Total;PT≥100;250;5;0.09;0;3.08;;0.40686
FI;50-59;Males;PT≥100;114;2;0;0;4.67;;
FI;50-59;Females;PT≥100;136;2;0;0;3.51;;
FI;50-59;Total;PT≥100;250;4;0;0;2.34;;0.52834
FI;Total;Males;PT≥100;230;5;0.33;0;3.57;0.5538;
FI;Total;Females;PT≥100;270;4;0;0;1.98;0.57742;
FI;Total;Total;PT≥100;500;9;0;0;1.67;0.48908;0.35544
FR;40-49;Males;PT≥100;149;9;5.46;1.35;11.52;;
FR;40-49;Females;PT≥100;150;4;1.03;0;5.6;;
FR;40-49;Total;PT≥100;299;13;3.17;0.6;6.75;;0.15016
FR;50-59;Males;PT≥100;149;14;9.87;4.58;16.93;;
FR;50-59;Females;PT≥100;149;10;6.34;1.97;12.64;;
FR;50-59;Total;PT≥100;298;24;8.04;4.42;12.58;;0.39332
FR;Total;Males;PT≥100;298;23;7.6;4.06;12.07;0.2786;
FR;Total;Females;PT≥100;299;14;3.61;0.93;7.29;0.09726;
FR;Total;Total;PT≥100;597;37;5.56;3.25;8.37;0.0606;0.12348
GR;40-49;Males;PT≥100;0;0;;;;;
GR;40-49;Females;PT≥100;0;0;;;;;
GR;40-49;Total;PT≥100;250;12;3.78;0.85;7.9;;
GR;50-59;Males;PT≥100;0;0;;;;;
GR;50-59;Females;PT≥100;0;0;;;;;
GR;50-59;Total;PT≥100;250;8;1.67;0;5.21;;
GR;Total;Males;PT≥100;0;0;;;;;
GR;Total;Females;PT≥100;0;0;;;;;
GR;Total;Total;PT≥100;501;20;2.67;0.7;5.24;0.36004;
HU;40-49;Males;PT≥100;128;2;0;0;3.88;;
HU;40-49;Females;PT≥100;132;2;0;0;3.69;;
HU;40-49;Total;PT≥100;260;4;0;0;2.15;;0.59232
HU;50-59;Males;PT≥100;137;4;1.38;0;6.36;;
HU;50-59;Females;PT≥100;136;6;3.34;0;9.07;;
HU;50-59;Total;PT≥100;273;10;2.27;0;5.81;;0.52574
HU;Total;Males;PT≥100;265;6;0.43;0;3.45;0.63784;
HU;Total;Females;PT≥100;268;8;1.38;0;4.69;0.19412;
HU;Total;Total;PT≥100;533;14;0.87;0;2.97;0.1603;0.6583
IE;40-49;Males;PT≥100;125;11;9.11;3.63;16.76;;
IE;40-49;Females;PT≥100;125;3;0.7;0;5.66;;
IE;40-49;Total;PT≥100;250;14;4.83;1.63;9.19;;0.02482
IE;50-59;Males;PT≥100;124;6;3.91;0.05;10.17;;
IE;50-59;Females;PT≥100;124;8;6.03;1.43;12.94;;
IE;50-59;Total;PT≥100;249;14;4.86;1.65;9.24;;0.58228
IE;Total;Males;PT≥100;249;17;6.44;2.87;11.15;0.2145;
IE;Total;Females;PT≥100;249;11;3.27;0.48;7.28;0.11868;
IE;Total;Total;PT≥100;499;28;4.8;2.42;7.77;0.42408;0.24534
LV;40-49;Males;PT≥100;132;6;3.52;0;9.42;;
LV;40-49;Females;PT≥100;118;4;2.02;0;7.77;;
LV;40-49;Total;PT≥100;250;10;2.72;0.09;6.57;;0.64586
LV;50-59;Males;PT≥100;124;3;0.73;0;5.73;;
LV;50-59;Females;PT≥100;126;10;7.98;2.83;15.33;;
LV;50-59;Total;PT≥100;250;13;4.3;1.24;8.55;;0.04588
LV;Total;Males;PT≥100;256;9;2.08;0;5.7;0.35242;
LV;Total;Females;PT≥100;244;14;5.01;1.74;9.47;0.12682;
LV;Total;Total;PT≥100;500;23;3.47;1.34;6.2;0.52086;0.2365
LT;40-49;Males;PT≥100;116;7;5.49;0.96;12.51;;
LT;40-49;Females;PT≥100;134;5;2.44;0;7.91;;
LT;40-49;Total;PT≥100;250;12;3.78;0.85;7.9;;0.39272
LT;50-59;Males;PT≥100;94;10;11.58;4.73;21.16;;
LT;50-59;Females;PT≥100;156;10;5.94;1.76;11.98;;
LT;50-59;Total;PT≥100;250;20;7.98;4.1;12.98;;0.23264
LT;Total;Males;PT≥100;210;17;8.12;3.91;13.65;0.22552;
LT;Total;Females;PT≥100;290;15;4.25;1.39;8.14;0.30648;
LT;Total;Total;PT≥100;500;32;5.83;3.29;8.97;0.14238;0.19098
NL;40-49;Males;PT≥100;318;19;5.3;2.31;9.21;;
NL;40-49;Females;PT≥100;512;22;3.07;1.04;5.69;;
NL;40-49;Total;PT≥100;830;41;3.9;2.13;6.03;;0.25436
NL;50-59;Males;PT≥100;334;24;6.89;3.65;10.97;;
NL;50-59;Females;PT≥100;480;24;3.99;1.73;6.89;;
NL;50-59;Total;PT≥100;814;48;5.16;3.2;7.48;;0.19218
NL;Total;Males;PT≥100;652;43;6.08;3.79;8.83;0.53404;
NL;Total;Females;PT≥100;992;46;3.49;1.92;5.38;0.59336;
NL;Total;Total;PT≥100;1644;89;4.51;3.15;6.05;0.38984;0.08086
NO;40-49;Males;PT≥100;0;0;;;;;
NO;40-49;Females;PT≥100;0;0;;;;;
NO;40-49;Total;PT≥100;251;19;7.41;3.65;12.29;;
NO;50-59;Males;PT≥100;0;0;;;;;
NO;50-59;Females;PT≥100;0;0;;;;;
NO;50-59;Total;PT≥100;251;28;12.13;7.51;17.78;;
NO;Total;Males;PT≥100;0;0;;;;;
NO;Total;Females;PT≥100;0;0;;;;;
NO;Total;Total;PT≥100;502;47;9.73;6.64;13.37;0.1669;
PT;40-49;Males;PT≥100;125;8;5.96;1.4;12.82;;
PT;40-49;Females;PT≥100;125;2;0;0;4.04;;
PT;40-49;Total;PT≥100;250;10;2.72;0.09;6.57;;0.04734
PT;50-59;Males;PT≥100;125;8;5.96;1.4;12.82;;
PT;50-59;Females;PT≥100;125;3;0.7;0;5.66;;
PT;50-59;Total;PT≥100;250;11;3.25;0.47;7.25;;0.12054
PT;Total;Males;PT≥100;250;16;5.88;2.44;10.46;0;
PT;Total;Females;PT≥100;250;5;0.09;0;3.08;0.90532;
PT;Total;Total;PT≥100;500;21;2.94;0.92;5.57;0.82568;0.01252
RO;40-49;Males;PT≥100;126;6;3.81;0.01;9.98;;
RO;40-49;Females;PT≥100;126;4;1.72;0;7.12;;
RO;40-49;Total;PT≥100;252;10;2.68;0.07;6.5;;0.51904
RO;50-59;Males;PT≥100;126;3;0.68;0;5.6;;
RO;50-59;Females;PT≥100;126;7;4.85;0.67;11.34;;
RO;50-59;Total;PT≥100;252;10;2.68;0.07;6.5;;0.19864
RO;Total;Males;PT≥100;252;9;2.16;0;5.83;0.30638;
RO;Total;Females;PT≥100;252;11;3.2;0.45;7.17;0.35614;
RO;Total;Total;PT≥100;504;20;2.64;0.68;5.2;0;0.64704
SK;40-49;Males;PT≥100;125;10;8.06;2.87;15.47;;
SK;40-49;Females;PT≥100;125;8;5.96;1.4;12.82;;
SK;40-49;Total;PT≥100;250;18;6.93;3.26;11.73;;0.62536
SK;50-59;Males;PT≥100;125;3;0.7;0;5.66;;
SK;50-59;Females;PT≥100;125;9;7.01;2.13;14.15;;
SK;50-59;Total;PT≥100;250;12;3.78;0.85;7.9;;0.0733
SK;Total;Males;PT≥100;250;13;4.3;1.24;8.55;0.04358;
SK;Total;Females;PT≥100;250;17;6.4;2.85;11.1;0.8008;
SK;Total;Total;PT≥100;500;30;5.31;2.85;8.36;0.25878;0.45056
SI;40-49;Males;PT≥100;122;4;1.87;0;7.43;;
SI;40-49;Females;PT≥100;141;8;4.99;0.93;11.11;;
SI;40-49;Total;PT≥100;263;12;3.46;0.68;7.39;;0.36196
SI;50-59;Males;PT≥100;117;5;3.18;0;9.4;;
SI;50-59;Females;PT≥100;144;5;2.09;0;7.19;;
SI;50-59;Total;PT≥100;261;10;2.5;0;6.19;;0.7242
SI;Total;Males;PT≥100;239;9;2.42;0;6.29;0.69604;
SI;Total;Females;PT≥100;285;13;3.45;0.76;7.2;0.37522;
SI;Total;Total;PT≥100;524;22;2.94;0.95;5.5;0.67406;0.657
SE;40-49;Males;PT≥100;124;7;4.97;0.73;11.56;;
SE;40-49;Females;PT≥100;129;9;6.71;1.98;13.65;;
SE;40-49;Total;PT≥100;253;16;5.78;2.38;10.31;;0.66812
SE;50-59;Males;PT≥100;114;5;3.33;0;9.71;;
SE;50-59;Females;PT≥100;137;5;2.33;0;7.68;;
SE;50-59;Total;PT≥100;251;10;2.7;0.08;6.53;;0.75426
SE;Total;Males;PT≥100;238;12;4.1;1.03;8.42;0.66104;
SE;Total;Females;PT≥100;266;14;4.38;1.38;8.49;0.22292;
SE;Total;Total;PT≥100;504;26;4.2;1.94;7.05;0.23312;0.90884
UK;40-49;Males;PT≥100;131;5;2.56;0;8.14;;
UK;40-49;Females;PT≥100;119;8;6.4;1.61;13.57;;
UK;40-49;Total;PT≥100;250;13;4.3;1.24;8.55;;0.30092
UK;50-59;Males;PT≥100;129;7;4.68;0.6;11.03;;
UK;50-59;Females;PT≥100;118;4;2.02;0;7.77;;
UK;50-59;Total;PT≥100;249;11;3.27;0.48;7.28;;0.43902
UK;Total;Males;PT≥100;260;12;3.53;0.72;7.5;0.53786;
UK;Total;Females;PT≥100;237;12;4.13;1.05;8.47;0.24218;
UK;Total;Total;PT≥100;499;24;3.74;1.56;6.53;0.68012;0.79972
AT;40-49;Males;PT≥50;107;14;13.1;7.9;20.9;;
AT;40-49;Females;PT≥50;143;27;18.9;13.3;26.1;;
AT;40-49;Total;PT≥50;250;41;16.4;12.3;21.5;;0.22290732429903537
AT;50-59;Males;PT≥50;114;13;11.4;6.7;18.7;;
AT;50-59;Females;PT≥50;136;9;6.6;3.5;12.2;;
AT;50-59;Total;PT≥50;250;22;8.8;5.9;13;;0.18834258880009336
AT;Total;Males;PT≥50;221;27;12.2;8.5;17.2;0.7032052013184498;
AT;Total;Females;PT≥50;279;36;12.9;9.5;17.4;0.0033808525206909666;
AT;Total;Total;PT≥50;500;63;12.6;10;15.8;0.011596627066842563;0.8184451212873385
BE;40-49;Males;PT≥50;98;16;16.3;10.2;25;;
BE;40-49;Females;PT≥50;154;21;13.6;9.1;20;;
BE;40-49;Total;PT≥50;252;37;14.7;10.8;19.6;;0.5568564770675515
BE;50-59;Males;PT≥50;106;20;18.9;12.5;27.4;;
BE;50-59;Females;PT≥50;146;27;18.5;13;25.6;;
BE;50-59;Total;PT≥50;252;47;18.7;14.3;23.9;;0.9398970693518094
BE;Total;Males;PT≥50;204;36;17.6;13;23.5;0.6345239765482362;
BE;Total;Females;PT≥50;300;48;16;12.3;20.6;0.25297548283624105;
BE;Total;Total;PT≥50;504;84;16.7;13.7;20.2;0.23293512153600096;0.626371125632627
DK;40-49;Males;PT≥50;126;18;14.3;9.2;21.5;;
DK;40-49;Females;PT≥50;123;15;12.2;7.5;19.2;;
DK;40-49;Total;PT≥50;249;33;13.3;9.6;18.1;;0.6269736411353344
DK;50-59;Males;PT≥50;126;27;21.4;15.1;29.4;;
DK;50-59;Females;PT≥50;116;23;19.8;13.5;28.1;;
DK;50-59;Total;PT≥50;242;50;20.7;16;26.2;;0.758656657671448
DK;Total;Males;PT≥50;252;45;17.9;13.6;23.1;0.14105740871091813;
DK;Total;Females;PT≥50;239;38;15.9;11.8;21.1;0.10975881019351659;
DK;Total;Total;PT≥50;491;83;16.9;13.8;20.5;0.029657977354054094;0.563126176146916
FI;40-49;Males;PT≥50;116;10;8.6;4.7;15.3;;
FI;40-49;Females;PT≥50;134;5;3.7;1.6;8.7;;
FI;40-49;Total;PT≥50;250;15;6;3.6;9.7;;0.114237872776457
FI;50-59;Males;PT≥50;114;14;12.3;7.4;19.7;;
FI;50-59;Females;PT≥50;136;7;5.1;2.5;10.4;;
FI;50-59;Total;PT≥50;250;21;8.4;5.5;12.5;;0.0491161668524135
FI;Total;Males;PT≥50;230;24;10.4;7.1;15.1;0.36623418202945657;
FI;Total;Females;PT≥50;270;12;4.4;2.5;7.7;0.5740689188951065;
FI;Total;Total;PT≥50;500;36;7.2;5.2;9.8;0.3013578293643499;0.01204092116214158
FR;40-49;Males;PT≥50;149;24;16.1;11;22.9;;
FR;40-49;Females;PT≥50;150;17;11.3;7.2;17.5;;
FR;40-49;Total;PT≥50;299;41;13.7;10.3;18.1;;0.23225022461919656
FR;50-59;Males;PT≥50;149;38;25.5;19.1;33.1;;
FR;50-59;Females;PT≥50;149;17;11.4;7.2;17.6;;
FR;50-59;Total;PT≥50;298;55;18.5;14.5;23.3;;0.0021747178483128723
FR;Total;Males;PT≥50;298;62;20.8;16.6;25.8;0.047288551894588186;
FR;Total;Females;PT≥50;299;34;11.4;8.2;15.5;0.9834730907013406;
FR;Total;Total;PT≥50;597;96;16.1;13.3;19.2;0.11577015919573962;0.001955244382763188
GR;40-49;Males;PT≥50;0;0;;;;;
GR;40-49;Females;PT≥50;0;0;;;;;
GR;40-49;Total;PT≥50;250;27;10.8;7.5;15.3;;
GR;50-59;Males;PT≥50;0;0;;;;;
GR;50-59;Females;PT≥50;0;0;;;;;
GR;50-59;Total;PT≥50;250;21;8.4;5.5;12.5;;
GR;Total;Males;PT≥50;0;0;;;;;
GR;Total;Females;PT≥50;0;0;;;;;
GR;Total;Total;PT≥50;501;48;9.6;7.3;12.5;0.36351926602720835;
HU;40-49;Males;PT≥50;128;11;8.6;4.8;14.9;;
HU;40-49;Females;PT≥50;132;6;4.5;2.1;9.7;;
HU;40-49;Total;PT≥50;260;17;6.5;4.1;10.3;;0.19380684726378686
HU;50-59;Males;PT≥50;137;14;10.2;6.1;16.5;;
HU;50-59;Females;PT≥50;136;9;6.6;3.5;12.2;;
HU;50-59;Total;PT≥50;273;23;8.4;5.7;12.4;;0.287597439032475
HU;Total;Males;PT≥50;265;25;9.4;6.5;13.6;0.6514225098591011;
HU;Total;Females;PT≥50;268;15;5.6;3.4;9.1;0.4631160487732905;
HU;Total;Total;PT≥50;533;40;7.5;5.6;10.1;0.40981306918282284;0.09622345061577459
IE;40-49;Males;PT≥50;125;20;16;10.6;23.5;;
IE;40-49;Females;PT≥50;125;15;12;7.4;19;;
IE;40-49;Total;PT≥50;250;35;14;10.2;18.9;;0.3635420737909141
IE;50-59;Males;PT≥50;124;21;16.9;11.3;24.6;;
IE;50-59;Females;PT≥50;124;19;15.3;10;22.8;;
IE;50-59;Total;PT≥50;249;40;16.1;12;21.2;;0.7299618058913364
IE;Total;Males;PT≥50;249;41;16.5;12.4;21.6;0.842271356371048;
IE;Total;Females;PT≥50;249;34;13.7;9.9;18.5;0.44617630649327317;
IE;Total;Total;PT≥50;499;75;15;12.2;18.4;0.5191024994483453;0.3810678816423568
LV;40-49;Males;PT≥50;132;12;9.1;5.2;15.3;;
LV;40-49;Females;PT≥50;118;10;8.5;4.6;15;;
LV;40-49;Total;PT≥50;250;22;8.8;5.9;13;;0.8636787676163573
LV;50-59;Males;PT≥50;124;13;10.5;6.2;17.2;;
LV;50-59;Females;PT≥50;126;24;19;13.1;26.8;;
LV;50-59;Total;PT≥50;250;37;14.8;10.9;19.8;;0.05981967280899926
LV;Total;Males;PT≥50;256;25;9.8;6.7;14.1;0.7077134027647305;
LV;Total;Females;PT≥50;244;34;13.9;10.1;18.9;0.020004236850771958;
LV;Total;Total;PT≥50;500;59;11.8;9.3;14.9;0.03952896827231942;0.15054414790670068
LT;40-49;Males;PT≥50;116;16;13.8;8.6;21.3;;
LT;40-49;Females;PT≥50;134;14;10.4;6.3;16.9;;
LT;40-49;Total;PT≥50;250;30;12;8.5;16.6;;0.41825711652414155
LT;50-59;Males;PT≥50;94;21;22.3;15;31.9;;
LT;50-59;Females;PT≥50;156;26;16.7;11.6;23.4;;
LT;50-59;Total;PT≥50;250;47;18.8;14.4;24.1;;0.2675103226071159
LT;Total;Males;PT≥50;210;37;17.6;13;23.4;0.10878418448570024;
LT;Total;Females;PT≥50;290;40;13.8;10.3;18.3;0.12877293055919986;
LT;Total;Total;PT≥50;500;77;15.4;12.5;18.8;0.036510607631302185;0.24308226951575715
NL;40-49;Males;PT≥50;318;52;16.4;12.7;20.8;;
NL;40-49;Females;PT≥50;512;60;11.7;9.2;14.8;;
NL;40-49;Total;PT≥50;830;112;13.5;11.3;16;;0.05852709930119263
NL;50-59;Males;PT≥50;334;53;15.9;12.3;20.2;;
NL;50-59;Females;PT≥50;480;56;11.7;9.1;14.9;;
NL;50-59;Total;PT≥50;814;109;13.4;11.2;15.9;;0.08443466001925762
NL;Total;Males;PT≥50;652;105;16.1;13.5;19.1;0.8665562741308295;
NL;Total;Females;PT≥50;992;116;11.7;9.8;13.8;0.9796473109771946;
NL;Total;Total;PT≥50;1644;221;13.4;11.9;15.2;0.9510420942058795;0.010613039042362493
NO;40-49;Males;PT≥50;0;0;;;;;
NO;40-49;Females;PT≥50;0;0;;;;;
NO;40-49;Total;PT≥50;251;49;19.5;15.1;24.9;;
NO;50-59;Males;PT≥50;0;0;;;;;
NO;50-59;Females;PT≥50;0;0;;;;;
NO;50-59;Total;PT≥50;251;61;24.3;19.4;30;;
NO;Total;Males;PT≥50;0;0;;;;;
NO;Total;Females;PT≥50;0;0;;;;;
NO;Total;Total;PT≥50;502;110;21.9;18.5;25.7;0.1961132090521376;
PT;40-49;Males;PT≥50;125;15;12;7.4;19;;
PT;40-49;Females;PT≥50;125;10;8;4.4;14.2;;
PT;40-49;Total;PT≥50;250;25;10;6.8;14.4;;0.2948299519928316
PT;50-59;Males;PT≥50;125;17;13.6;8.6;20.8;;
PT;50-59;Females;PT≥50;125;10;8;4.4;14.2;;
PT;50-59;Total;PT≥50;250;27;10.8;7.5;15.3;;0.15812273141008626
PT;Total;Males;PT≥50;250;32;12.8;9.2;17.5;0.7051350484124432;
PT;Total;Females;PT≥50;250;20;8;5.2;12.1;0.9999999999999986;
PT;Total;Total;PT≥50;500;52;10.4;8;13.4;0.7695682988109829;0.08124594997313166
RO;40-49;Males;PT≥50;126;15;11.9;7.3;18.8;;
RO;40-49;Females;PT≥50;126;13;10.3;6.1;17;;
RO;40-49;Total;PT≥50;252;28;11.1;7.8;15.6;;0.6887240707218625
RO;50-59;Males;PT≥50;126;18;14.3;9.2;21.5;;
RO;50-59;Females;PT≥50;126;20;15.9;10.5;23.3;;
RO;50-59;Total;PT≥50;252;38;15.1;11.2;20;;0.7248885162012826
RO;Total;Males;PT≥50;252;33;13.1;9.5;17.8;0.5758052390832173;
RO;Total;Females;PT≥50;252;33;13.1;9.5;17.8;0.1941827628677268;
RO;Total;Total;PT≥50;504;66;13.1;10.4;16.3;0.1881994107601156;0.9999999999999997
SK;40-49;Males;PT≥50;125;17;13.6;8.6;20.8;;
SK;40-49;Females;PT≥50;125;16;12.8;8;19.9;;
SK;40-49;Total;PT≥50;250;33;13.2;9.5;18;;0.8518011360573372
SK;50-59;Males;PT≥50;125;11;8.8;4.9;15.2;;
SK;50-59;Females;PT≥50;125;15;12;7.4;19;;
SK;50-59;Total;PT≥50;250;26;10.4;7.2;14.8;;0.4089399458374646
SK;Total;Males;PT≥50;250;28;11.2;7.8;15.7;0.23215810647405757;
SK;Total;Females;PT≥50;250;31;12.4;8.9;17.1;0.8478461799497725;
SK;Total;Total;PT≥50;500;59;11.8;9.3;14.9;0.33287540935348336;0.6776189284000036
SI;40-49;Males;PT≥50;122;12;9.8;5.7;16.5;;
SI;40-49;Females;PT≥50;141;19;13.5;8.8;20.2;;
SI;40-49;Total;PT≥50;263;31;11.8;8.4;16.3;;0.3631599820962697
SI;50-59;Males;PT≥50;117;12;10.3;5.9;17.2;;
SI;50-59;Females;PT≥50;144;11;7.6;4.3;13.3;;
SI;50-59;Total;PT≥50;261;23;8.8;5.9;12.9;;0.4596431484627
SI;Total;Males;PT≥50;239;24;10;6.8;14.5;0.9139364494586667;
SI;Total;Females;PT≥50;285;30;10.5;7.5;14.7;0.1127687864767818;
SI;Total;Total;PT≥50;524;54;10.3;8;13.2;0.26427326076259344;0.855844025583017
SE;40-49;Males;PT≥50;124;21;16.9;11.3;24.6;;
SE;40-49;Females;PT≥50;129;19;14.7;9.6;21.9;;
SE;40-49;Total;PT≥50;253;40;15.8;11.8;20.8;;0.6307797312845403
SE;50-59;Males;PT≥50;114;15;13.2;8.1;20.7;;
SE;50-59;Females;PT≥50;137;10;7.3;4;13;;
SE;50-59;Total;PT≥50;251;25;10;6.8;14.3;;0.12770049173235457
SE;Total;Males;PT≥50;238;36;15.1;11.1;20.3;0.4175497626131658;
SE;Total;Females;PT≥50;266;29;10.9;7.7;15.2;0.056452041758294665;
SE;Total;Total;PT≥50;504;65;12.9;10.2;16.1;0.0518980807597698;0.15945616571721782
UK;40-49;Males;PT≥50;131;11;8.4;4.7;14.5;;
UK;40-49;Females;PT≥50;119;12;10.1;5.8;16.9;;
UK;40-49;Total;PT≥50;250;23;9.2;6.2;13.5;;0.6452646130961651
UK;50-59;Males;PT≥50;129;17;13.2;8.4;20.2;;
UK;50-59;Females;PT≥50;118;7;5.9;2.9;11.9;;
UK;50-59;Total;PT≥50;249;25;10;6.9;14.4;;0.06089692322894168
UK;Total;Males;PT≥50;260;28;10.8;7.5;15.2;0.21716887927034706;
UK;Total;Females;PT≥50;237;19;8;5.2;12.2;0.2443564833092987;
UK;Total;Total;PT≥50;499;48;9.6;7.3;12.5;0.7503620438711017;0.29653934308858493
AT;40-49;Males;TT<0.01;107;0;0;0;3.51;;
AT;40-49;Females;TT<0.01;143;0;0;0;2.63;;
AT;40-49;Total;TT<0.01;250;0;0;0;1.5;;1
AT;50-59;Males;TT<0.01;114;0;0;0;3.3;;
AT;50-59;Females;TT<0.01;136;0;0;0;2.76;;
AT;50-59;Total;TT<0.01;250;0;0;0;1.5;;1
AT;Total;Males;TT<0.01;221;0;0;0;1.7;1;
AT;Total;Females;TT<0.01;279;0;0;0;1.35;1;
AT;Total;Total;TT<0.01;500;0;0;0;0.75;1;1
BE;40-49;Males;TT<0.01;98;0;0;0;3.83;;
BE;40-49;Females;TT<0.01;154;0;0;0;2.44;;
BE;40-49;Total;TT<0.01;252;0;0;0;1.49;;1
BE;50-59;Males;TT<0.01;106;0;0;0;3.54;;
BE;50-59;Females;TT<0.01;146;3;2.05;0.56;6.02;;
BE;50-59;Total;TT<0.01;252;3;1.19;0.33;3.49;;0.26598368431037755
BE;Total;Males;TT<0.01;204;0;0;0;1.84;1;
BE;Total;Females;TT<0.01;300;3;1;0.27;2.93;0.1140445781239478;
BE;Total;Total;TT<0.01;504;3;0.6;0.16;1.75;0.24850894632206755;0.275773927861403
DK;40-49;Males;TT<0.01;126;1;0.79;0.04;4.24;;
DK;40-49;Females;TT<0.01;123;0;0;0;3.05;;
DK;40-49;Total;TT<0.01;249;1;0.4;0.02;2.31;;1
DK;50-59;Males;TT<0.01;126;0;0;0;2.98;;
DK;50-59;Females;TT<0.01;116;0;0;0;3.24;;
DK;50-59;Total;TT<0.01;242;0;0;0;1.55;;1
DK;Total;Males;TT<0.01;252;1;0.4;0.02;2.28;1;
DK;Total;Females;TT<0.01;239;0;0;0;1.57;1;
DK;Total;Total;TT<0.01;491;1;0.2;0.01;1.17;1;1
FI;40-49;Males;TT<0.01;116;0;0;0;3.24;;
FI;40-49;Females;TT<0.01;134;0;0;0;2.8;;
FI;40-49;Total;TT<0.01;250;0;0;0;1.5;;1
FI;50-59;Males;TT<0.01;114;0;0;0;3.3;;
FI;50-59;Females;TT<0.01;136;0;0;0;2.76;;
FI;50-59;Total;TT<0.01;250;0;0;0;1.5;;1
FI;Total;Males;TT<0.01;230;0;0;0;1.64;1;
FI;Total;Females;TT<0.01;270;0;0;0;1.39;1;
FI;Total;Total;TT<0.01;500;0;0;0;0.75;1;1
FR;40-49;Males;TT<0.01;149;0;0;0;2.52;;
FR;40-49;Females;TT<0.01;150;0;0;0;2.51;;
FR;40-49;Total;TT<0.01;299;0;0;0;1.26;;1
FR;50-59;Males;TT<0.01;149;0;0;0;2.52;;
FR;50-59;Females;TT<0.01;149;0;0;0;2.52;;
FR;50-59;Total;TT<0.01;298;0;0;0;1.26;;1
FR;Total;Males;TT<0.01;298;0;0;0;1.26;1;
FR;Total;Females;TT<0.01;299;0;0;0;1.26;1;
FR;Total;Total;TT<0.01;597;0;0;0;0.63;1;1
GR;40-49;Males;TT<0.01;0;0;;;;;
GR;40-49;Females;TT<0.01;0;0;;;;;
GR;40-49;Total;TT<0.01;250;0;0;0;1.5;;
GR;50-59;Males;TT<0.01;0;0;;;;;
GR;50-59;Females;TT<0.01;0;0;;;;;
GR;50-59;Total;TT<0.01;250;12;4.8;2.71;8.33;;
GR;Total;Males;TT<0.01;0;0;;;;;
GR;Total;Females;TT<0.01;0;0;;;;;
GR;Total;Total;TT<0.01;501;12;2.4;1.34;4.16;4.265679963686578e-4;
HU;40-49;Males;TT<0.01;128;0;0;0;2.94;;
HU;40-49;Females;TT<0.01;132;0;0;0;2.85;;
HU;40-49;Total;TT<0.01;260;0;0;0;1.45;;1
HU;50-59;Males;TT<0.01;137;0;0;0;2.74;;
HU;50-59;Females;TT<0.01;136;0;0;0;2.76;;
HU;50-59;Total;TT<0.01;273;0;0;0;1.38;;1
HU;Total;Males;TT<0.01;265;0;0;0;1.42;1;
HU;Total;Females;TT<0.01;268;0;0;0;1.4;1;
HU;Total;Total;TT<0.01;533;0;0;0;0.71;1;1
IE;40-49;Males;TT<0.01;125;1;0.8;0.04;4.27;;
IE;40-49;Females;TT<0.01;125;0;0;0;3.01;;
IE;40-49;Total;TT<0.01;250;1;0.4;0.02;2.3;;1
IE;50-59;Males;TT<0.01;124;2;1.61;0.29;5.87;;
IE;50-59;Females;TT<0.01;124;3;2.42;0.66;7.09;;
IE;50-59;Total;TT<0.01;249;5;2.01;0.79;4.56;;1
IE;Total;Males;TT<0.01;249;3;1.2;0.33;3.53;0.6219696600165845;
IE;Total;Females;TT<0.01;249;3;1.2;0.33;3.53;0.12199404907077704;
IE;Total;Total;TT<0.01;499;6;1.2;0.52;2.58;0.12236979293627796;1
LV;40-49;Males;TT<0.01;132;0;0;0;2.85;;
LV;40-49;Females;TT<0.01;118;0;0;0;3.18;;
LV;40-49;Total;TT<0.01;250;0;0;0;1.5;;1
LV;50-59;Males;TT<0.01;124;0;0;0;3.03;;
LV;50-59;Females;TT<0.01;126;0;0;0;2.98;;
LV;50-59;Total;TT<0.01;250;0;0;0;1.5;;1
LV;Total;Males;TT<0.01;256;0;0;0;1.47;1;
LV;Total;Females;TT<0.01;244;0;0;0;1.54;1;
LV;Total;Total;TT<0.01;500;0;0;0;0.75;1;1
LT;40-49;Males;TT<0.01;116;1;0.86;0.04;4.61;;
LT;40-49;Females;TT<0.01;134;0;0;0;2.8;;
LT;40-49;Total;TT<0.01;250;1;0.4;0.02;2.3;;0.4639999999999999
LT;50-59;Males;TT<0.01;94;0;0;0;4;;
LT;50-59;Females;TT<0.01;156;2;1.28;0.23;4.67;;
LT;50-59;Total;TT<0.01;250;2;0.8;0.14;2.92;;0.5288674698795182
LT;Total;Males;TT<0.01;210;1;0.48;0.02;2.74;1;
LT;Total;Females;TT<0.01;290;2;0.69;0.12;2.51;0.5011573797876148;
LT;Total;Total;TT<0.01;500;3;0.6;0.16;1.76;1;1
NL;40-49;Males;TT<0.01;318;1;0.31;0.02;1.81;;
NL;40-49;Females;TT<0.01;512;3;0.59;0.16;1.72;;
NL;40-49;Total;TT<0.01;830;4;0.48;0.16;1.24;;1
NL;50-59;Males;TT<0.01;334;0;0;0;1.13;;
NL;50-59;Females;TT<0.01;480;1;0.21;0.01;1.2;;
NL;50-59;Total;TT<0.01;814;1;0.12;0.01;0.71;;1
NL;Total;Males;TT<0.01;652;1;0.15;0.01;0.88;0.48773006134969327;
NL;Total;Females;TT<0.01;992;4;0.4;0.14;1.04;0.6250252282402294;
NL;Total;Total;TT<0.01;1644;5;0.3;0.12;0.72;0.3743571828051987;0.6539139078738205
NO;40-49;Males;TT<0.01;0;0;;;;;
NO;40-49;Females;TT<0.01;0;0;;;;;
NO;40-49;Total;TT<0.01;251;0;0;0;1.5;;
NO;50-59;Males;TT<0.01;0;0;;;;;
NO;50-59;Females;TT<0.01;0;0;;;;;
NO;50-59;Total;TT<0.01;251;1;0.4;0.02;2.29;;
NO;Total;Males;TT<0.01;0;0;;;;;
NO;Total;Females;TT<0.01;0;0;;;;;
NO;Total;Total;TT<0.01;502;1;0.2;0.01;1.15;1;
PT;40-49;Males;TT<0.01;125;0;0;0;3.01;;
PT;40-49;Females;TT<0.01;125;0;0;0;3.01;;
PT;40-49;Total;TT<0.01;250;0;0;0;1.5;;1
PT;50-59;Males;TT<0.01;125;0;0;0;3.01;;
PT;50-59;Females;TT<0.01;125;0;0;0;3.01;;
PT;50-59;Total;TT<0.01;250;0;0;0;1.5;;1
PT;Total;Males;TT<0.01;250;0;0;0;1.5;1;
PT;Total;Females;TT<0.01;250;0;0;0;1.5;1;
PT;Total;Total;TT<0.01;500;0;0;0;0.75;1;1
RO;40-49;Males;TT<0.01;126;0;0;0;2.98;;
RO;40-49;Females;TT<0.01;126;0;0;0;2.98;;
RO;40-49;Total;TT<0.01;252;0;0;0;1.49;;1
RO;50-59;Males;TT<0.01;126;0;0;0;2.98;;
RO;50-59;Females;TT<0.01;126;1;0.79;0.04;4.24;;
RO;50-59;Total;TT<0.01;252;1;0.4;0.02;2.28;;1
RO;Total;Males;TT<0.01;252;0;0;0;1.49;1;
RO;Total;Females;TT<0.01;252;1;0.4;0.02;2.28;1;
RO;Total;Total;TT<0.01;504;1;0.2;0.01;1.14;1;1
SK;40-49;Males;TT<0.01;125;0;0;0;3.01;;
SK;40-49;Females;TT<0.01;125;0;0;0;3.01;;
SK;40-49;Total;TT<0.01;250;0;0;0;1.5;;1
SK;50-59;Males;TT<0.01;125;0;0;0;3.01;;
SK;50-59;Females;TT<0.01;125;1;0.8;0.04;4.27;;
SK;50-59;Total;TT<0.01;250;1;0.4;0.02;2.3;;1
SK;Total;Males;TT<0.01;250;0;0;0;1.5;1;
SK;Total;Females;TT<0.01;250;1;0.4;0.02;2.3;1;
SK;Total;Total;TT<0.01;500;1;0.2;0.01;1.15;1;1
SI;40-49;Males;TT<0.01;122;0;0;0;3.08;;
SI;40-49;Females;TT<0.01;141;0;0;0;2.67;;
SI;40-49;Total;TT<0.01;263;0;0;0;1.43;;1
SI;50-59;Males;TT<0.01;117;0;0;0;3.21;;
SI;50-59;Females;TT<0.01;144;0;0;0;2.61;;
SI;50-59;Total;TT<0.01;261;0;0;0;1.44;;1
SI;Total;Males;TT<0.01;239;0;0;0;1.57;1;
SI;Total;Females;TT<0.01;285;0;0;0;1.32;1;
SI;Total;Total;TT<0.01;524;0;0;0;0.72;1;1
SE;40-49;Males;TT<0.01;124;0;0;0;3.03;;
SE;40-49;Females;TT<0.01;129;0;0;0;2.91;;
SE;40-49;Total;TT<0.01;253;0;0;0;1.49;;1
SE;50-59;Males;TT<0.01;114;0;0;0;3.3;;
SE;50-59;Females;TT<0.01;137;1;0.73;0.04;3.9;;
SE;50-59;Total;TT<0.01;251;1;0.4;0.02;2.29;;1
SE;Total;Males;TT<0.01;238;0;0;0;1.58;1;
SE;Total;Females;TT<0.01;266;1;0.38;0.02;2.16;1;
SE;Total;Total;TT<0.01;504;1;0.2;0.01;1.14;0.49801587301587297;1
UK;40-49;Males;TT<0.01;131;1;0.76;0.04;4.08;;
UK;40-49;Females;TT<0.01;119;2;1.68;0.3;6.12;;
UK;40-49;Total;TT<0.01;250;3;1.2;0.33;3.52;;0.6061853867081228
UK;50-59;Males;TT<0.01;129;0;0;0;2.91;;
UK;50-59;Females;TT<0.01;118;1;0.85;0.04;4.53;;
UK;50-59;Total;TT<0.01;249;1;0.4;0.02;2.31;;0.4777327935222671
UK;Total;Males;TT<0.01;260;1;0.38;0.02;2.21;1;
UK;Total;Females;TT<0.01;237;3;1.27;0.35;3.71;1;
UK;Total;Total;TT<0.01;499;4;0.8;0.27;2.06;0.6234924577525272;0.3518692025590805
AT;40-49;Males;TT<0.1;107;2;1.87;0.33;6.8;;
AT;40-49;Females;TT<0.1;143;2;1.4;0.25;5.09;;
AT;40-49;Total;TT<0.1;250;4;1.6;0.55;4.12;;1
AT;50-59;Males;TT<0.1;114;0;0;0;3.3;;
AT;50-59;Females;TT<0.1;136;4;2.94;1.01;7.25;;
AT;50-59;Total;TT<0.1;250;4;1.6;0.55;4.12;;0.1278093814463811
AT;Total;Males;TT<0.1;221;2;0.9;0.16;3.3;0.23327848621966255;
AT;Total;Females;TT<0.1;279;6;2.15;0.94;4.6;0.43762894321965123;
AT;Total;Total;TT<0.1;500;8;1.6;0.75;3.16;1;0.4757335755617605
BE;40-49;Males;TT<0.1;98;4;4.08;1.41;10.06;;
BE;40-49;Females;TT<0.1;154;11;7.14;3.73;12.56;;
BE;40-49;Total;TT<0.1;252;15;5.95;3.49;9.66;;0.4173357706324291
BE;50-59;Males;TT<0.1;106;5;4.72;1.88;10.7;;
BE;50-59;Females;TT<0.1;146;17;11.64;7.09;18.06;;
BE;50-59;Total;TT<0.1;252;22;8.73;5.68;12.85;;0.07007917725236132
BE;Total;Males;TT<0.1;204;9;4.41;2.22;8.25;1;
BE;Total;Females;TT<0.1;300;28;9.33;6.45;13.13;0.23366395541446053;
BE;Total;Total;TT<0.1;504;37;7.34;5.33;9.99;0.30548360547112835;0.038236343927603354
DK;40-49;Males;TT<0.1;126;2;1.59;0.28;5.78;;
DK;40-49;Females;TT<0.1;123;8;6.5;3.05;12.48;;
DK;40-49;Total;TT<0.1;249;10;4.02;2.15;7.36;;0.0577249938921346
DK;50-59;Males;TT<0.1;126;3;2.38;0.65;6.98;;
DK;50-59;Females;TT<0.1;116;11;9.48;5.02;16.28;;
DK;50-59;Total;TT<0.1;242;14;5.79;3.41;9.45;;0.02535462446020282
DK;Total;Males;TT<0.1;252;5;1.98;0.78;4.51;1.0000000000000002;
DK;Total;Females;TT<0.1;239;19;7.95;4.95;12.08;0.4761109806735349;
DK;Total;Total;TT<0.1;491;24;4.89;3.22;7.2;0.4072129606134637;0.0027154746477925443
FI;40-49;Males;TT<0.1;116;0;0;0;3.24;;
FI;40-49;Females;TT<0.1;134;1;0.75;0.04;3.99;;
FI;40-49;Total;TT<0.1;250;1;0.4;0.02;2.3;;1
FI;50-59;Males;TT<0.1;114;1;0.88;0.04;4.69;;
FI;50-59;Females;TT<0.1;136;0;0;0;2.76;;
FI;50-59;Total;TT<0.1;250;1;0.4;0.02;2.3;;0.45599999999999996
FI;Total;Males;TT<0.1;230;1;0.43;0.02;2.5;0.4956521739130435;
FI;Total;Females;TT<0.1;270;1;0.37;0.02;2.13;0.49629629629629624;
FI;Total;Total;TT<0.1;500;2;0.4;0.07;1.46;0.9999999999999999;1
FR;40-49;Males;TT<0.1;149;3;2.01;0.55;5.9;;
FR;40-49;Females;TT<0.1;150;5;3.33;1.32;7.57;;
FR;40-49;Total;TT<0.1;299;8;2.68;1.26;5.29;;0.7228484185886205
FR;50-59;Males;TT<0.1;149;3;2.01;0.55;5.9;;
FR;50-59;Females;TT<0.1;149;7;4.7;2.23;9.31;;
FR;50-59;Total;TT<0.1;298;10;3.36;1.79;6.15;;0.33535070424871277
FR;Total;Males;TT<0.1;298;6;2.01;0.88;4.31;1;
FR;Total;Females;TT<0.1;299;12;4.01;2.26;6.97;0.5724305772673618;
FR;Total;Total;TT<0.1;597;18;3.02;1.89;4.75;0.6421841337898371;0.23069524693359827
GR;40-49;Males;TT<0.1;0;0;;;;;
GR;40-49;Females;TT<0.1;0;0;;;;;
GR;40-49;Total;TT<0.1;250;29;11.6;8.15;16.16;;
GR;50-59;Males;TT<0.1;0;0;;;;;
GR;50-59;Females;TT<0.1;0;0;;;;;
GR;50-59;Total;TT<0.1;250;78;31.2;25.59;37.19;;
GR;Total;Males;TT<0.1;0;0;;;;;
GR;Total;Females;TT<0.1;0;0;;;;;
GR;Total;Total;TT<0.1;501;107;21.36;17.94;25.23;1.1122896938777358e-7;
HU;40-49;Males;TT<0.1;128;2;1.56;0.28;5.69;;
HU;40-49;Females;TT<0.1;132;5;3.79;1.5;8.6;;
HU;40-49;Total;TT<0.1;260;7;2.69;1.27;5.51;;0.4471150450167521
HU;50-59;Males;TT<0.1;137;0;0;0;2.74;;
HU;50-59;Females;TT<0.1;136;6;4.41;1.94;9.44;;
HU;50-59;Total;TT<0.1;273;6;2.2;0.96;4.71;;0.014445170188047318
HU;Total;Males;TT<0.1;265;2;0.75;0.13;2.75;0.2323613493424814;
HU;Total;Females;TT<0.1;268;11;4.1;2.15;7.22;0.9999999999999999;
HU;Total;Total;TT<0.1;533;13;2.44;1.37;4.19;0.7836332007118252;0.020934244294741527
IE;40-49;Males;TT<0.1;125;14;11.2;6.69;17.92;;
IE;40-49;Females;TT<0.1;125;18;14.4;9.08;21.91;;
IE;40-49;Total;TT<0.1;250;32;12.8;9.15;17.56;;0.5706496616480955
IE;50-59;Males;TT<0.1;124;17;13.71;8.45;20.89;;
IE;50-59;Females;TT<0.1;124;36;29.03;21.67;37.87;;
IE;50-59;Total;TT<0.1;249;53;21.29;16.59;26.88;;0.004988161086145829
IE;Total;Males;TT<0.1;249;31;12.45;8.78;17.22;0.5706496616480953;
IE;Total;Females;TT<0.1;249;54;21.69;16.82;27.28;0.0056790842897170854;
IE;Total;Total;TT<0.1;499;85;17.03;13.9;20.62;0.01250983693116843;0.008513413265312372
LV;40-49;Males;TT<0.1;132;1;0.76;0.04;4.05;;
LV;40-49;Females;TT<0.1;118;1;0.85;0.04;4.53;;
LV;40-49;Total;TT<0.1;250;2;0.8;0.14;2.92;;1
LV;50-59;Males;TT<0.1;124;1;0.81;0.04;4.31;;
LV;50-59;Females;TT<0.1;126;8;6.35;2.98;12.18;;
LV;50-59;Total;TT<0.1;250;9;3.6;1.81;6.74;;0.03577525834976694
LV;Total;Males;TT<0.1;256;2;0.78;0.14;2.85;1;
LV;Total;Females;TT<0.1;244;9;3.69;1.85;6.9;0.036526285428726775;
LV;Total;Total;TT<0.1;500;11;2.2;1.15;3.87;0.06253545591969663;0.032802608290972576
LT;40-49;Males;TT<0.1;116;7;6.03;2.87;11.96;;
LT;40-49;Females;TT<0.1;134;2;1.49;0.27;5.43;;
LT;40-49;Total;TT<0.1;250;9;3.6;1.81;6.74;;0.08573757810824116
LT;50-59;Males;TT<0.1;94;5;5.32;2.12;12.06;;
LT;50-59;Females;TT<0.1;156;16;10.26;6.32;15.96;;
LT;50-59;Total;TT<0.1;250;21;8.4;5.47;12.55;;0.2396887236801177
LT;Total;Males;TT<0.1;210;12;5.71;3.24;9.7;1;
LT;Total;Females;TT<0.1;290;18;6.21;3.92;9.61;0.002417980472604698;
LT;Total;Total;TT<0.1;500;30;6;4.17;8.47;0.03672464335834159;0.8513831654572408
NL;40-49;Males;TT<0.1;318;12;3.77;2.13;6.55;;
NL;40-49;Females;TT<0.1;512;26;5.08;3.42;7.39;;
NL;40-49;Total;TT<0.1;830;38;4.58;3.29;6.25;;0.4948099370784564
NL;50-59;Males;TT<0.1;334;13;3.89;2.18;6.54;;
NL;50-59;Females;TT<0.1;480;34;7.08;5.08;9.76;;
NL;50-59;Total;TT<0.1;814;47;5.77;4.34;7.6;;0.06624079716140749
NL;Total;Males;TT<0.1;652;25;3.83;2.58;5.65;1;
NL;Total;Females;TT<0.1;992;60;6.05;4.68;7.7;0.23016557812404256;
NL;Total;Total;TT<0.1;1644;85;5.17;4.19;6.35;0.3161937308939975;0.05274482819735969
NO;40-49;Males;TT<0.1;0;0;;;;;
NO;40-49;Females;TT<0.1;0;0;;;;;
NO;40-49;Total;TT<0.1;251;9;3.59;1.8;6.71;;
NO;50-59;Males;TT<0.1;0;0;;;;;
NO;50-59;Females;TT<0.1;0;0;;;;;
NO;50-59;Total;TT<0.1;251;17;6.77;4.1;10.7;;
NO;Total;Males;TT<0.1;0;0;;;;;
NO;Total;Females;TT<0.1;0;0;;;;;
NO;Total;Total;TT<0.1;502;26;5.18;3.49;7.54;0.1574470529085903;
PT;40-49;Males;TT<0.1;125;1;0.8;0.04;4.27;;
PT;40-49;Females;TT<0.1;125;0;0;0;3.01;;
PT;40-49;Total;TT<0.1;250;1;0.4;0.02;2.3;;1
PT;50-59;Males;TT<0.1;125;0;0;0;3.01;;
PT;50-59;Females;TT<0.1;125;1;0.8;0.04;4.27;;
PT;50-59;Total;TT<0.1;250;1;0.4;0.02;2.3;;1
PT;Total;Males;TT<0.1;250;1;0.4;0.02;2.3;1;
PT;Total;Females;TT<0.1;250;1;0.4;0.02;2.3;1;
PT;Total;Total;TT<0.1;500;2;0.4;0.07;1.46;0.9999999999999999;0.9999999999999999
RO;40-49;Males;TT<0.1;126;5;3.97;1.58;9.01;;
RO;40-49;Females;TT<0.1;126;5;3.97;1.58;9.01;;
RO;40-49;Total;TT<0.1;252;10;3.97;2.12;7.27;;1
RO;50-59;Males;TT<0.1;126;10;7.94;4.24;14.17;;
RO;50-59;Females;TT<0.1;126;21;16.67;11.01;24.14;;
RO;50-59;Total;TT<0.1;252;31;12.3;8.67;17.02;;0.05375981588377052
RO;Total;Males;TT<0.1;252;15;5.95;3.49;9.66;0.2867952928566136;
RO;Total;Females;TT<0.1;252;26;10.32;7.09;14.83;0.001445077216230572;
RO;Total;Total;TT<0.1;504;41;8.13;6.03;10.89;9.071864780459462e-4;0.10224731119781476
SK;40-49;Males;TT<0.1;125;1;0.8;0.04;4.27;;
SK;40-49;Females;TT<0.1;125;4;3.2;1.1;7.89;;
SK;40-49;Total;TT<0.1;250;5;2;0.79;4.54;;0.36994943336097424
SK;50-59;Males;TT<0.1;125;0;0;0;3.01;;
SK;50-59;Females;TT<0.1;125;3;2.4;0.66;7.03;;
SK;50-59;Total;TT<0.1;250;3;1.2;0.33;3.52;;0.2469879518072289
SK;Total;Males;TT<0.1;250;1;0.4;0.02;2.3;1;
SK;Total;Females;TT<0.1;250;7;2.8;1.32;5.73;0.9999999999999999;
SK;Total;Total;TT<0.1;500;8;1.6;0.75;3.16;0.7243506360846833;0.06812731166692927
SI;40-49;Males;TT<0.1;122;0;0;0;3.08;;
SI;40-49;Females;TT<0.1;141;1;0.71;0.04;3.79;;
SI;40-49;Total;TT<0.1;263;1;0.38;0.02;2.19;;1
SI;50-59;Males;TT<0.1;117;0;0;0;3.21;;
SI;50-59;Females;TT<0.1;144;4;2.78;0.95;6.85;;
SI;50-59;Total;TT<0.1;261;4;1.53;0.53;3.95;;0.1301613447563729
SI;Total;Males;TT<0.1;239;0;0;0;1.57;1;
SI;Total;Females;TT<0.1;285;5;1.75;0.69;4.14;0.37071564593063316;
SI;Total;Total;TT<0.1;524;5;0.95;0.38;2.25;0.21517351541197066;0.06612508890392049
SE;40-49;Males;TT<0.1;124;2;1.61;0.29;5.87;;
SE;40-49;Females;TT<0.1;129;12;9.3;5.32;15.78;;
SE;40-49;Total;TT<0.1;253;14;5.53;3.26;9.04;;0.010879085953297668
SE;50-59;Males;TT<0.1;114;6;5.26;2.32;11.25;;
SE;50-59;Females;TT<0.1;137;10;7.3;3.9;13.04;;
SE;50-59;Total;TT<0.1;251;16;6.37;3.91;10.11;;0.6085767893853978
SE;Total;Males;TT<0.1;238;8;3.36;1.58;6.46;0.15735507602899043;
SE;Total;Females;TT<0.1;266;22;8.27;5.38;12.18;0.6576864294771032;
SE;Total;Total;TT<0.1;504;30;5.95;4.13;8.4;0.710870570321265;0.02320541233077856
UK;40-49;Males;TT<0.1;131;10;7.63;4.08;13.63;;
UK;40-49;Females;TT<0.1;119;9;7.56;3.84;13.77;;
UK;40-49;Total;TT<0.1;250;19;7.6;4.72;11.55;;1
UK;50-59;Males;TT<0.1;129;9;6.98;3.54;12.7;;
UK;50-59;Females;TT<0.1;118;12;10.17;5.82;17.25;;
UK;50-59;Total;TT<0.1;249;22;8.84;5.75;13.01;;0.49417499338437165
UK;Total;Males;TT<0.1;260;19;7.31;4.53;11.11;1;
UK;Total;Females;TT<0.1;237;21;8.86;5.78;13.24;0.5028101331954963;
UK;Total;Total;TT<0.1;499;41;8.22;6.09;11;0.6290808201502648;0.6210073072821257
